[{"model": "admin_interface.theme", "pk": 2, "fields": {"name": "Excel\u00eancia", "active": true, "title": "Excel\u00eancia Cell", "title_color": "#FF0000", "title_visible": true, "logo": "admin-interface/logo/logo.png", "logo_color": "#730000", "logo_visible": false, "favicon": "", "env": "production", "env_visible": true, "css_header_background_color": "#000000", "css_header_text_color": "#FFFFFF", "css_header_link_color": "#FF0000", "css_header_link_hover_color": "#F5FF66", "css_module_background_color": "#000000", "css_module_text_color": "#FFFFFF", "css_module_link_color": "#FF0000", "css_module_link_hover_color": "#FFF83B", "css_module_rounded_corners": true, "css_generic_link_color": "#463265", "css_generic_link_hover_color": "#7351A6", "css_save_button_background_color": "#5CB85C", "css_save_button_background_hover_color": "#449D44", "css_save_button_text_color": "#FFFFFF", "css_delete_button_background_color": "#D9534F", "css_delete_button_background_hover_color": "#C9302C", "css_delete_button_text_color": "#FFFFFF", "css": "", "related_modal_active": true, "related_modal_background_color": "#503873", "related_modal_background_opacity": "0.2", "related_modal_rounded_corners": true, "list_filter_dropdown": false, "recent_actions_visible": true}}, {"model": "contenttypes.contenttype", "pk": 1, "fields": {"app_label": "admin_interface", "model": "theme"}}, {"model": "contenttypes.contenttype", "pk": 2, "fields": {"app_label": "admin", "model": "logentry"}}, {"model": "contenttypes.contenttype", "pk": 3, "fields": {"app_label": "auth", "model": "permission"}}, {"model": "contenttypes.contenttype", "pk": 4, "fields": {"app_label": "auth", "model": "group"}}, {"model": "contenttypes.contenttype", "pk": 5, "fields": {"app_label": "auth", "model": "user"}}, {"model": "contenttypes.contenttype", "pk": 6, "fields": {"app_label": "contenttypes", "model": "contenttype"}}, {"model": "contenttypes.contenttype", "pk": 7, "fields": {"app_label": "sessions", "model": "session"}}, {"model": "contenttypes.contenttype", "pk": 8, "fields": {"app_label": "core", "model": "pessoa"}}, {"model": "contenttypes.contenttype", "pk": 9, "fields": {"app_label": "colaboradores", "model": "contratado"}}, {"model": "contenttypes.contenttype", "pk": 10, "fields": {"app_label": "colaboradores", "model": "pessoaresumo"}}, {"model": "contenttypes.contenttype", "pk": 11, "fields": {"app_label": "empregador", "model": "empregador"}}, {"model": "contenttypes.contenttype", "pk": 12, "fields": {"app_label": "empregador", "model": "estabelecimento"}}, {"model": "contenttypes.contenttype", "pk": 13, "fields": {"app_label": "empregador", "model": "funcao"}}, {"model": "contenttypes.contenttype", "pk": 14, "fields": {"app_label": "empregador", "model": "lotacao"}}, {"model": "contenttypes.contenttype", "pk": 15, "fields": {"app_label": "empregador", "model": "sindicato"}}, {"model": "contenttypes.contenttype", "pk": 16, "fields": {"app_label": "empregador", "model": "tomadorservico"}}, {"model": "contenttypes.contenttype", "pk": 17, "fields": {"app_label": "empregador", "model": "turno"}}, {"model": "contenttypes.contenttype", "pk": 18, "fields": {"app_label": "dispositivos", "model": "dispositivo"}}, {"model": "contenttypes.contenttype", "pk": 19, "fields": {"app_label": "clientes", "model": "cliente"}}, {"model": "contenttypes.contenttype", "pk": 20, "fields": {"app_label": "servicos", "model": "historicalordemservico"}}, {"model": "contenttypes.contenttype", "pk": 21, "fields": {"app_label": "servicos", "model": "ordemservico"}}, {"model": "sessions.session", "pk": "175iyv2zgh5i09q7issbbkjvyiw4dky6", "fields": {"session_data": "ZmI3NzlhNGNiMzViZjQ1ZmRkODE0NmVlOWU2NDE0MzI5OGZkOTZkNzp7Il9hdXRoX3VzZXJfaWQiOiIxIiwiX2F1dGhfdXNlcl9iYWNrZW5kIjoiZGphbmdvLmNvbnRyaWIuYXV0aC5iYWNrZW5kcy5Nb2RlbEJhY2tlbmQiLCJfYXV0aF91c2VyX2hhc2giOiIyYmI2MGUwMWQxMDBhNGVlNGU3OGM5NzM0NTNjM2I4MWZhMTliNjY5In0=", "expire_date": "2018-08-06T13:44:45.076Z"}}, {"model": "sessions.session", "pk": "26vjkq9tre9623dr15rekk2pqfvild2p", "fields": {"session_data": "ZmI3NzlhNGNiMzViZjQ1ZmRkODE0NmVlOWU2NDE0MzI5OGZkOTZkNzp7Il9hdXRoX3VzZXJfaWQiOiIxIiwiX2F1dGhfdXNlcl9iYWNrZW5kIjoiZGphbmdvLmNvbnRyaWIuYXV0aC5iYWNrZW5kcy5Nb2RlbEJhY2tlbmQiLCJfYXV0aF91c2VyX2hhc2giOiIyYmI2MGUwMWQxMDBhNGVlNGU3OGM5NzM0NTNjM2I4MWZhMTliNjY5In0=", "expire_date": "2018-08-03T19:36:57.703Z"}}, {"model": "sessions.session", "pk": "2ffy7057pmu744gxaz0uhqfbm22dcrsy", "fields": {"session_data": "NDAzNDQ2ZGZkYzc0ZjgyNWM2MzM2ZDI5Y2RmMmFlZDVjMGEyZTY4ZTp7Il9hdXRoX3VzZXJfaWQiOiIyIiwiX2F1dGhfdXNlcl9iYWNrZW5kIjoiZGphbmdvLmNvbnRyaWIuYXV0aC5iYWNrZW5kcy5Nb2RlbEJhY2tlbmQiLCJfYXV0aF91c2VyX2hhc2giOiIxNTIyYzg3Y2U3MzNmZWZhZWMzNTM5ZGRmYmZjMjRkZWI1ZjQ1ODI4In0=", "expire_date": "2018-08-02T00:43:49.000Z"}}, {"model": "sessions.session", "pk": "372pg3yppncker08b0mqkhthbqkxqulg", "fields": {"session_data": "ZmI3NzlhNGNiMzViZjQ1ZmRkODE0NmVlOWU2NDE0MzI5OGZkOTZkNzp7Il9hdXRoX3VzZXJfaWQiOiIxIiwiX2F1dGhfdXNlcl9iYWNrZW5kIjoiZGphbmdvLmNvbnRyaWIuYXV0aC5iYWNrZW5kcy5Nb2RlbEJhY2tlbmQiLCJfYXV0aF91c2VyX2hhc2giOiIyYmI2MGUwMWQxMDBhNGVlNGU3OGM5NzM0NTNjM2I4MWZhMTliNjY5In0=", "expire_date": "2018-08-01T00:00:39.378Z"}}, {"model": "sessions.session", "pk": "5kdvpuugidckmzru1o91q1vbglu29jc9", "fields": {"session_data": "ZmI3NzlhNGNiMzViZjQ1ZmRkODE0NmVlOWU2NDE0MzI5OGZkOTZkNzp7Il9hdXRoX3VzZXJfaWQiOiIxIiwiX2F1dGhfdXNlcl9iYWNrZW5kIjoiZGphbmdvLmNvbnRyaWIuYXV0aC5iYWNrZW5kcy5Nb2RlbEJhY2tlbmQiLCJfYXV0aF91c2VyX2hhc2giOiIyYmI2MGUwMWQxMDBhNGVlNGU3OGM5NzM0NTNjM2I4MWZhMTliNjY5In0=", "expire_date": "2018-08-04T19:09:04.057Z"}}, {"model": "sessions.session", "pk": "7vbe6q4gqrnr4j7pisf5cqyprecc2v2o", "fields": {"session_data": "ZmI3NzlhNGNiMzViZjQ1ZmRkODE0NmVlOWU2NDE0MzI5OGZkOTZkNzp7Il9hdXRoX3VzZXJfaWQiOiIxIiwiX2F1dGhfdXNlcl9iYWNrZW5kIjoiZGphbmdvLmNvbnRyaWIuYXV0aC5iYWNrZW5kcy5Nb2RlbEJhY2tlbmQiLCJfYXV0aF91c2VyX2hhc2giOiIyYmI2MGUwMWQxMDBhNGVlNGU3OGM5NzM0NTNjM2I4MWZhMTliNjY5In0=", "expire_date": "2018-08-03T11:55:58.456Z"}}, {"model": "sessions.session", "pk": "b20g8rwlu02w5su6uuhcaeqetcbnheit", "fields": {"session_data": "ZmI3NzlhNGNiMzViZjQ1ZmRkODE0NmVlOWU2NDE0MzI5OGZkOTZkNzp7Il9hdXRoX3VzZXJfaWQiOiIxIiwiX2F1dGhfdXNlcl9iYWNrZW5kIjoiZGphbmdvLmNvbnRyaWIuYXV0aC5iYWNrZW5kcy5Nb2RlbEJhY2tlbmQiLCJfYXV0aF91c2VyX2hhc2giOiIyYmI2MGUwMWQxMDBhNGVlNGU3OGM5NzM0NTNjM2I4MWZhMTliNjY5In0=", "expire_date": "2018-08-02T16:40:16.326Z"}}, {"model": "sessions.session", "pk": "c9fmeaxxv85m57tkf4802vknglqmswxo", "fields": {"session_data": "ZmI3NzlhNGNiMzViZjQ1ZmRkODE0NmVlOWU2NDE0MzI5OGZkOTZkNzp7Il9hdXRoX3VzZXJfaWQiOiIxIiwiX2F1dGhfdXNlcl9iYWNrZW5kIjoiZGphbmdvLmNvbnRyaWIuYXV0aC5iYWNrZW5kcy5Nb2RlbEJhY2tlbmQiLCJfYXV0aF91c2VyX2hhc2giOiIyYmI2MGUwMWQxMDBhNGVlNGU3OGM5NzM0NTNjM2I4MWZhMTliNjY5In0=", "expire_date": "2018-08-03T17:28:01.497Z"}}, {"model": "sessions.session", "pk": "cez88xm4eulv4apml6754qqk9bdxtmj4", "fields": {"session_data": "ZmI3NzlhNGNiMzViZjQ1ZmRkODE0NmVlOWU2NDE0MzI5OGZkOTZkNzp7Il9hdXRoX3VzZXJfaWQiOiIxIiwiX2F1dGhfdXNlcl9iYWNrZW5kIjoiZGphbmdvLmNvbnRyaWIuYXV0aC5iYWNrZW5kcy5Nb2RlbEJhY2tlbmQiLCJfYXV0aF91c2VyX2hhc2giOiIyYmI2MGUwMWQxMDBhNGVlNGU3OGM5NzM0NTNjM2I4MWZhMTliNjY5In0=", "expire_date": "2018-07-31T00:44:52.776Z"}}, {"model": "sessions.session", "pk": "chnvq3ivvwse4eikl563zz6ecq5r528a", "fields": {"session_data": "ZmI3NzlhNGNiMzViZjQ1ZmRkODE0NmVlOWU2NDE0MzI5OGZkOTZkNzp7Il9hdXRoX3VzZXJfaWQiOiIxIiwiX2F1dGhfdXNlcl9iYWNrZW5kIjoiZGphbmdvLmNvbnRyaWIuYXV0aC5iYWNrZW5kcy5Nb2RlbEJhY2tlbmQiLCJfYXV0aF91c2VyX2hhc2giOiIyYmI2MGUwMWQxMDBhNGVlNGU3OGM5NzM0NTNjM2I4MWZhMTliNjY5In0=", "expire_date": "2018-08-03T15:07:19.191Z"}}, {"model": "sessions.session", "pk": "cjalslc28qki32zdpukm63p9ee5ie6p6", "fields": {"session_data": "ZmI3NzlhNGNiMzViZjQ1ZmRkODE0NmVlOWU2NDE0MzI5OGZkOTZkNzp7Il9hdXRoX3VzZXJfaWQiOiIxIiwiX2F1dGhfdXNlcl9iYWNrZW5kIjoiZGphbmdvLmNvbnRyaWIuYXV0aC5iYWNrZW5kcy5Nb2RlbEJhY2tlbmQiLCJfYXV0aF91c2VyX2hhc2giOiIyYmI2MGUwMWQxMDBhNGVlNGU3OGM5NzM0NTNjM2I4MWZhMTliNjY5In0=", "expire_date": "2018-07-31T21:16:12.544Z"}}, {"model": "sessions.session", "pk": "cmalvv31bax56t659idne69dq5akbizy", "fields": {"session_data": "ZmI3NzlhNGNiMzViZjQ1ZmRkODE0NmVlOWU2NDE0MzI5OGZkOTZkNzp7Il9hdXRoX3VzZXJfaWQiOiIxIiwiX2F1dGhfdXNlcl9iYWNrZW5kIjoiZGphbmdvLmNvbnRyaWIuYXV0aC5iYWNrZW5kcy5Nb2RlbEJhY2tlbmQiLCJfYXV0aF91c2VyX2hhc2giOiIyYmI2MGUwMWQxMDBhNGVlNGU3OGM5NzM0NTNjM2I4MWZhMTliNjY5In0=", "expire_date": "2018-07-31T15:33:11.959Z"}}, {"model": "sessions.session", "pk": "dxrdrpiomgiq7hukmcbycp23jh0y71xj", "fields": {"session_data": "ZmI3NzlhNGNiMzViZjQ1ZmRkODE0NmVlOWU2NDE0MzI5OGZkOTZkNzp7Il9hdXRoX3VzZXJfaWQiOiIxIiwiX2F1dGhfdXNlcl9iYWNrZW5kIjoiZGphbmdvLmNvbnRyaWIuYXV0aC5iYWNrZW5kcy5Nb2RlbEJhY2tlbmQiLCJfYXV0aF91c2VyX2hhc2giOiIyYmI2MGUwMWQxMDBhNGVlNGU3OGM5NzM0NTNjM2I4MWZhMTliNjY5In0=", "expire_date": "2018-08-09T21:39:08.381Z"}}, {"model": "sessions.session", "pk": "dz403nrlwsva6t3frei62o952sleitoc", "fields": {"session_data": "ZmI3NzlhNGNiMzViZjQ1ZmRkODE0NmVlOWU2NDE0MzI5OGZkOTZkNzp7Il9hdXRoX3VzZXJfaWQiOiIxIiwiX2F1dGhfdXNlcl9iYWNrZW5kIjoiZGphbmdvLmNvbnRyaWIuYXV0aC5iYWNrZW5kcy5Nb2RlbEJhY2tlbmQiLCJfYXV0aF91c2VyX2hhc2giOiIyYmI2MGUwMWQxMDBhNGVlNGU3OGM5NzM0NTNjM2I4MWZhMTliNjY5In0=", "expire_date": "2018-08-04T13:22:07.329Z"}}, {"model": "sessions.session", "pk": "e6pxjqh23zu5kd8vgp50ch5t3t350mm5", "fields": {"session_data": "ZmI3NzlhNGNiMzViZjQ1ZmRkODE0NmVlOWU2NDE0MzI5OGZkOTZkNzp7Il9hdXRoX3VzZXJfaWQiOiIxIiwiX2F1dGhfdXNlcl9iYWNrZW5kIjoiZGphbmdvLmNvbnRyaWIuYXV0aC5iYWNrZW5kcy5Nb2RlbEJhY2tlbmQiLCJfYXV0aF91c2VyX2hhc2giOiIyYmI2MGUwMWQxMDBhNGVlNGU3OGM5NzM0NTNjM2I4MWZhMTliNjY5In0=", "expire_date": "2018-08-03T23:23:12.156Z"}}, {"model": "sessions.session", "pk": "ezpzna1nw5tmldtuyk3v4nwnlv9vbb88", "fields": {"session_data": "ZmI3NzlhNGNiMzViZjQ1ZmRkODE0NmVlOWU2NDE0MzI5OGZkOTZkNzp7Il9hdXRoX3VzZXJfaWQiOiIxIiwiX2F1dGhfdXNlcl9iYWNrZW5kIjoiZGphbmdvLmNvbnRyaWIuYXV0aC5iYWNrZW5kcy5Nb2RlbEJhY2tlbmQiLCJfYXV0aF91c2VyX2hhc2giOiIyYmI2MGUwMWQxMDBhNGVlNGU3OGM5NzM0NTNjM2I4MWZhMTliNjY5In0=", "expire_date": "2018-08-06T12:34:42.553Z"}}, {"model": "sessions.session", "pk": "fgj1rm0jkpc7tfk9w6k98vigef9heka7", "fields": {"session_data": "MjUwODQyMDE5ZjdmZjEyYmFmMTJiNjI4YzE2M2RmYjIzZTQ1NjE4Zjp7Il9hdXRoX3VzZXJfaWQiOiIxIiwiX2F1dGhfdXNlcl9iYWNrZW5kIjoiZGphbmdvLmNvbnRyaWIuYXV0aC5iYWNrZW5kcy5Nb2RlbEJhY2tlbmQiLCJfYXV0aF91c2VyX2hhc2giOiIyYmI2MGUwMWQxMDBhNGVlNGU3OGM5NzM0NTNjM2I4MWZhMTliNjY5Iiwic3dlZXRpZnkiOiJ7XCJzaG93Q29uZmlybUJ1dHRvblwiOiBmYWxzZSwgXCJ0aW1lclwiOiAyNTAwLCBcImFsbG93T3V0c2lkZUNsaWNrXCI6IHRydWUsIFwiY29uZmlybUJ1dHRvblRleHRcIjogXCJPS1wiLCBcInR5cGVcIjogXCJzdWNjZXNzXCIsIFwidGl0bGVcIjogXCJPcmRlbSBkZSBTZXJ2aVxcdTAwZTdvIGNyaWFkYSBjb20gc3VjZXNzbyFcIn0ifQ==", "expire_date": "2018-08-01T03:12:04.064Z"}}, {"model": "sessions.session", "pk": "g5cxg1gwhptrso8a0f6ivrehn1168qm0", "fields": {"session_data": "ZmI3NzlhNGNiMzViZjQ1ZmRkODE0NmVlOWU2NDE0MzI5OGZkOTZkNzp7Il9hdXRoX3VzZXJfaWQiOiIxIiwiX2F1dGhfdXNlcl9iYWNrZW5kIjoiZGphbmdvLmNvbnRyaWIuYXV0aC5iYWNrZW5kcy5Nb2RlbEJhY2tlbmQiLCJfYXV0aF91c2VyX2hhc2giOiIyYmI2MGUwMWQxMDBhNGVlNGU3OGM5NzM0NTNjM2I4MWZhMTliNjY5In0=", "expire_date": "2018-08-03T22:39:34.988Z"}}, {"model": "sessions.session", "pk": "gtvdxe70yuvnhrvvb0sd4oqh2zgmod74", "fields": {"session_data": "ZmI3NzlhNGNiMzViZjQ1ZmRkODE0NmVlOWU2NDE0MzI5OGZkOTZkNzp7Il9hdXRoX3VzZXJfaWQiOiIxIiwiX2F1dGhfdXNlcl9iYWNrZW5kIjoiZGphbmdvLmNvbnRyaWIuYXV0aC5iYWNrZW5kcy5Nb2RlbEJhY2tlbmQiLCJfYXV0aF91c2VyX2hhc2giOiIyYmI2MGUwMWQxMDBhNGVlNGU3OGM5NzM0NTNjM2I4MWZhMTliNjY5In0=", "expire_date": "2018-08-02T16:44:27.947Z"}}, {"model": "sessions.session", "pk": "gz6ejdn6kjbrcvg4q2fk3e5u2krth0bt", "fields": {"session_data": "NDAzNDQ2ZGZkYzc0ZjgyNWM2MzM2ZDI5Y2RmMmFlZDVjMGEyZTY4ZTp7Il9hdXRoX3VzZXJfaWQiOiIyIiwiX2F1dGhfdXNlcl9iYWNrZW5kIjoiZGphbmdvLmNvbnRyaWIuYXV0aC5iYWNrZW5kcy5Nb2RlbEJhY2tlbmQiLCJfYXV0aF91c2VyX2hhc2giOiIxNTIyYzg3Y2U3MzNmZWZhZWMzNTM5ZGRmYmZjMjRkZWI1ZjQ1ODI4In0=", "expire_date": "2018-07-31T20:46:07.566Z"}}, {"model": "sessions.session", "pk": "hx5eypyz5sj1q8xeadtfvmha16z9qtji", "fields": {"session_data": "ZmI3NzlhNGNiMzViZjQ1ZmRkODE0NmVlOWU2NDE0MzI5OGZkOTZkNzp7Il9hdXRoX3VzZXJfaWQiOiIxIiwiX2F1dGhfdXNlcl9iYWNrZW5kIjoiZGphbmdvLmNvbnRyaWIuYXV0aC5iYWNrZW5kcy5Nb2RlbEJhY2tlbmQiLCJfYXV0aF91c2VyX2hhc2giOiIyYmI2MGUwMWQxMDBhNGVlNGU3OGM5NzM0NTNjM2I4MWZhMTliNjY5In0=", "expire_date": "2018-08-03T02:23:25.701Z"}}, {"model": "sessions.session", "pk": "i9wqfjtn1qkbl9pmzhtfnpayydi8qdet", "fields": {"session_data": "ZmI3NzlhNGNiMzViZjQ1ZmRkODE0NmVlOWU2NDE0MzI5OGZkOTZkNzp7Il9hdXRoX3VzZXJfaWQiOiIxIiwiX2F1dGhfdXNlcl9iYWNrZW5kIjoiZGphbmdvLmNvbnRyaWIuYXV0aC5iYWNrZW5kcy5Nb2RlbEJhY2tlbmQiLCJfYXV0aF91c2VyX2hhc2giOiIyYmI2MGUwMWQxMDBhNGVlNGU3OGM5NzM0NTNjM2I4MWZhMTliNjY5In0=", "expire_date": "2018-08-03T19:42:25.693Z"}}, {"model": "sessions.session", "pk": "ik2wjer1tnf0epor87of2jizqphdzetu", "fields": {"session_data": "ZmI3NzlhNGNiMzViZjQ1ZmRkODE0NmVlOWU2NDE0MzI5OGZkOTZkNzp7Il9hdXRoX3VzZXJfaWQiOiIxIiwiX2F1dGhfdXNlcl9iYWNrZW5kIjoiZGphbmdvLmNvbnRyaWIuYXV0aC5iYWNrZW5kcy5Nb2RlbEJhY2tlbmQiLCJfYXV0aF91c2VyX2hhc2giOiIyYmI2MGUwMWQxMDBhNGVlNGU3OGM5NzM0NTNjM2I4MWZhMTliNjY5In0=", "expire_date": "2018-08-09T18:00:22.583Z"}}, {"model": "sessions.session", "pk": "k0bnn3st2wp0xigzyvlybnuci5asyoy2", "fields": {"session_data": "ZmI3NzlhNGNiMzViZjQ1ZmRkODE0NmVlOWU2NDE0MzI5OGZkOTZkNzp7Il9hdXRoX3VzZXJfaWQiOiIxIiwiX2F1dGhfdXNlcl9iYWNrZW5kIjoiZGphbmdvLmNvbnRyaWIuYXV0aC5iYWNrZW5kcy5Nb2RlbEJhY2tlbmQiLCJfYXV0aF91c2VyX2hhc2giOiIyYmI2MGUwMWQxMDBhNGVlNGU3OGM5NzM0NTNjM2I4MWZhMTliNjY5In0=", "expire_date": "2018-08-04T20:20:59.885Z"}}, {"model": "sessions.session", "pk": "lnwfw4at541bv5lromzmzaljltq9rav5", "fields": {"session_data": "NDAzNDQ2ZGZkYzc0ZjgyNWM2MzM2ZDI5Y2RmMmFlZDVjMGEyZTY4ZTp7Il9hdXRoX3VzZXJfaWQiOiIyIiwiX2F1dGhfdXNlcl9iYWNrZW5kIjoiZGphbmdvLmNvbnRyaWIuYXV0aC5iYWNrZW5kcy5Nb2RlbEJhY2tlbmQiLCJfYXV0aF91c2VyX2hhc2giOiIxNTIyYzg3Y2U3MzNmZWZhZWMzNTM5ZGRmYmZjMjRkZWI1ZjQ1ODI4In0=", "expire_date": "2018-08-02T16:22:19.419Z"}}, {"model": "sessions.session", "pk": "lphglxd6gdu6f596thmo8jg071d5abaj", "fields": {"session_data": "ZmI3NzlhNGNiMzViZjQ1ZmRkODE0NmVlOWU2NDE0MzI5OGZkOTZkNzp7Il9hdXRoX3VzZXJfaWQiOiIxIiwiX2F1dGhfdXNlcl9iYWNrZW5kIjoiZGphbmdvLmNvbnRyaWIuYXV0aC5iYWNrZW5kcy5Nb2RlbEJhY2tlbmQiLCJfYXV0aF91c2VyX2hhc2giOiIyYmI2MGUwMWQxMDBhNGVlNGU3OGM5NzM0NTNjM2I4MWZhMTliNjY5In0=", "expire_date": "2018-07-31T00:53:53.555Z"}}, {"model": "sessions.session", "pk": "n61i15rk3wz5nj81zt9g9sp1k6lnpfe4", "fields": {"session_data": "ZmI3NzlhNGNiMzViZjQ1ZmRkODE0NmVlOWU2NDE0MzI5OGZkOTZkNzp7Il9hdXRoX3VzZXJfaWQiOiIxIiwiX2F1dGhfdXNlcl9iYWNrZW5kIjoiZGphbmdvLmNvbnRyaWIuYXV0aC5iYWNrZW5kcy5Nb2RlbEJhY2tlbmQiLCJfYXV0aF91c2VyX2hhc2giOiIyYmI2MGUwMWQxMDBhNGVlNGU3OGM5NzM0NTNjM2I4MWZhMTliNjY5In0=", "expire_date": "2018-08-01T19:42:17.663Z"}}, {"model": "sessions.session", "pk": "naoin82glhw5nzoc9lmg5sjquamubsw1", "fields": {"session_data": "ZmI3NzlhNGNiMzViZjQ1ZmRkODE0NmVlOWU2NDE0MzI5OGZkOTZkNzp7Il9hdXRoX3VzZXJfaWQiOiIxIiwiX2F1dGhfdXNlcl9iYWNrZW5kIjoiZGphbmdvLmNvbnRyaWIuYXV0aC5iYWNrZW5kcy5Nb2RlbEJhY2tlbmQiLCJfYXV0aF91c2VyX2hhc2giOiIyYmI2MGUwMWQxMDBhNGVlNGU3OGM5NzM0NTNjM2I4MWZhMTliNjY5In0=", "expire_date": "2018-08-09T01:41:17.843Z"}}, {"model": "sessions.session", "pk": "npydgxbypxohusoi2t82o0lr6o7g18ke", "fields": {"session_data": "ZmI3NzlhNGNiMzViZjQ1ZmRkODE0NmVlOWU2NDE0MzI5OGZkOTZkNzp7Il9hdXRoX3VzZXJfaWQiOiIxIiwiX2F1dGhfdXNlcl9iYWNrZW5kIjoiZGphbmdvLmNvbnRyaWIuYXV0aC5iYWNrZW5kcy5Nb2RlbEJhY2tlbmQiLCJfYXV0aF91c2VyX2hhc2giOiIyYmI2MGUwMWQxMDBhNGVlNGU3OGM5NzM0NTNjM2I4MWZhMTliNjY5In0=", "expire_date": "2018-07-31T00:28:40.910Z"}}, {"model": "sessions.session", "pk": "qbxu6x132dos9ybavckq6pscgtu6ph3n", "fields": {"session_data": "ZmI3NzlhNGNiMzViZjQ1ZmRkODE0NmVlOWU2NDE0MzI5OGZkOTZkNzp7Il9hdXRoX3VzZXJfaWQiOiIxIiwiX2F1dGhfdXNlcl9iYWNrZW5kIjoiZGphbmdvLmNvbnRyaWIuYXV0aC5iYWNrZW5kcy5Nb2RlbEJhY2tlbmQiLCJfYXV0aF91c2VyX2hhc2giOiIyYmI2MGUwMWQxMDBhNGVlNGU3OGM5NzM0NTNjM2I4MWZhMTliNjY5In0=", "expire_date": "2018-08-03T17:28:57.400Z"}}, {"model": "sessions.session", "pk": "qeyp6483e6k7ktn3pue6wz8rbhvrbhye", "fields": {"session_data": "ZmI3NzlhNGNiMzViZjQ1ZmRkODE0NmVlOWU2NDE0MzI5OGZkOTZkNzp7Il9hdXRoX3VzZXJfaWQiOiIxIiwiX2F1dGhfdXNlcl9iYWNrZW5kIjoiZGphbmdvLmNvbnRyaWIuYXV0aC5iYWNrZW5kcy5Nb2RlbEJhY2tlbmQiLCJfYXV0aF91c2VyX2hhc2giOiIyYmI2MGUwMWQxMDBhNGVlNGU3OGM5NzM0NTNjM2I4MWZhMTliNjY5In0=", "expire_date": "2018-08-02T23:32:48.038Z"}}, {"model": "sessions.session", "pk": "qmv0gix2coxvyvr1h7owk9a9e6af5ma3", "fields": {"session_data": "ZmI3NzlhNGNiMzViZjQ1ZmRkODE0NmVlOWU2NDE0MzI5OGZkOTZkNzp7Il9hdXRoX3VzZXJfaWQiOiIxIiwiX2F1dGhfdXNlcl9iYWNrZW5kIjoiZGphbmdvLmNvbnRyaWIuYXV0aC5iYWNrZW5kcy5Nb2RlbEJhY2tlbmQiLCJfYXV0aF91c2VyX2hhc2giOiIyYmI2MGUwMWQxMDBhNGVlNGU3OGM5NzM0NTNjM2I4MWZhMTliNjY5In0=", "expire_date": "2018-08-08T22:23:59.040Z"}}, {"model": "sessions.session", "pk": "qtadmpg64xw2osnfgddbk3ywrwqa6kq8", "fields": {"session_data": "ZmI3NzlhNGNiMzViZjQ1ZmRkODE0NmVlOWU2NDE0MzI5OGZkOTZkNzp7Il9hdXRoX3VzZXJfaWQiOiIxIiwiX2F1dGhfdXNlcl9iYWNrZW5kIjoiZGphbmdvLmNvbnRyaWIuYXV0aC5iYWNrZW5kcy5Nb2RlbEJhY2tlbmQiLCJfYXV0aF91c2VyX2hhc2giOiIyYmI2MGUwMWQxMDBhNGVlNGU3OGM5NzM0NTNjM2I4MWZhMTliNjY5In0=", "expire_date": "2018-08-04T23:37:30.912Z"}}, {"model": "sessions.session", "pk": "tezt9lrgn40rb5yd6s7n247apb3fucpi", "fields": {"session_data": "ZmI3NzlhNGNiMzViZjQ1ZmRkODE0NmVlOWU2NDE0MzI5OGZkOTZkNzp7Il9hdXRoX3VzZXJfaWQiOiIxIiwiX2F1dGhfdXNlcl9iYWNrZW5kIjoiZGphbmdvLmNvbnRyaWIuYXV0aC5iYWNrZW5kcy5Nb2RlbEJhY2tlbmQiLCJfYXV0aF91c2VyX2hhc2giOiIyYmI2MGUwMWQxMDBhNGVlNGU3OGM5NzM0NTNjM2I4MWZhMTliNjY5In0=", "expire_date": "2018-08-01T17:28:00.580Z"}}, {"model": "sessions.session", "pk": "tokv36npvvq6dnuh1ulktaenu0lqm4b4", "fields": {"session_data": "NDAzNDQ2ZGZkYzc0ZjgyNWM2MzM2ZDI5Y2RmMmFlZDVjMGEyZTY4ZTp7Il9hdXRoX3VzZXJfaWQiOiIyIiwiX2F1dGhfdXNlcl9iYWNrZW5kIjoiZGphbmdvLmNvbnRyaWIuYXV0aC5iYWNrZW5kcy5Nb2RlbEJhY2tlbmQiLCJfYXV0aF91c2VyX2hhc2giOiIxNTIyYzg3Y2U3MzNmZWZhZWMzNTM5ZGRmYmZjMjRkZWI1ZjQ1ODI4In0=", "expire_date": "2018-07-31T00:27:49.077Z"}}, {"model": "sessions.session", "pk": "vrqcdbqma78p7s05857u3sy80u2ha35s", "fields": {"session_data": "ZmI3NzlhNGNiMzViZjQ1ZmRkODE0NmVlOWU2NDE0MzI5OGZkOTZkNzp7Il9hdXRoX3VzZXJfaWQiOiIxIiwiX2F1dGhfdXNlcl9iYWNrZW5kIjoiZGphbmdvLmNvbnRyaWIuYXV0aC5iYWNrZW5kcy5Nb2RlbEJhY2tlbmQiLCJfYXV0aF91c2VyX2hhc2giOiIyYmI2MGUwMWQxMDBhNGVlNGU3OGM5NzM0NTNjM2I4MWZhMTliNjY5In0=", "expire_date": "2018-08-05T12:45:09.246Z"}}, {"model": "sessions.session", "pk": "vxaruh5i7g6cfepsnsc77p0qshha7fs0", "fields": {"session_data": "ZmI3NzlhNGNiMzViZjQ1ZmRkODE0NmVlOWU2NDE0MzI5OGZkOTZkNzp7Il9hdXRoX3VzZXJfaWQiOiIxIiwiX2F1dGhfdXNlcl9iYWNrZW5kIjoiZGphbmdvLmNvbnRyaWIuYXV0aC5iYWNrZW5kcy5Nb2RlbEJhY2tlbmQiLCJfYXV0aF91c2VyX2hhc2giOiIyYmI2MGUwMWQxMDBhNGVlNGU3OGM5NzM0NTNjM2I4MWZhMTliNjY5In0=", "expire_date": "2018-08-08T00:42:15.772Z"}}, {"model": "sessions.session", "pk": "z83ua6q6qzaq90n9emjcz2voqsw85an9", "fields": {"session_data": "NDAzNDQ2ZGZkYzc0ZjgyNWM2MzM2ZDI5Y2RmMmFlZDVjMGEyZTY4ZTp7Il9hdXRoX3VzZXJfaWQiOiIyIiwiX2F1dGhfdXNlcl9iYWNrZW5kIjoiZGphbmdvLmNvbnRyaWIuYXV0aC5iYWNrZW5kcy5Nb2RlbEJhY2tlbmQiLCJfYXV0aF91c2VyX2hhc2giOiIxNTIyYzg3Y2U3MzNmZWZhZWMzNTM5ZGRmYmZjMjRkZWI1ZjQ1ODI4In0=", "expire_date": "2018-08-03T22:55:46.612Z"}}, {"model": "sessions.session", "pk": "zmh8tpx80p6hm3fui3noxfal1thygrio", "fields": {"session_data": "ZmI3NzlhNGNiMzViZjQ1ZmRkODE0NmVlOWU2NDE0MzI5OGZkOTZkNzp7Il9hdXRoX3VzZXJfaWQiOiIxIiwiX2F1dGhfdXNlcl9iYWNrZW5kIjoiZGphbmdvLmNvbnRyaWIuYXV0aC5iYWNrZW5kcy5Nb2RlbEJhY2tlbmQiLCJfYXV0aF91c2VyX2hhc2giOiIyYmI2MGUwMWQxMDBhNGVlNGU3OGM5NzM0NTNjM2I4MWZhMTliNjY5In0=", "expire_date": "2018-08-01T16:57:52.851Z"}}, {"model": "core.pessoa", "pk": 1, "fields": {"created_at": "2018-07-16T23:29:23.113Z", "updated_at": "2018-07-18T01:00:22.842Z", "status": true, "pes_nome": "Haniel Silva", "pes_cpf": "02783523167", "pes_rg": "5260901", "pes_telefone": "6241010462", "pes_celular": "62985402218", "pes_email": "haniel.cesa@gmail.com"}}, {"model": "core.pessoa", "pk": 2, "fields": {"created_at": "2018-07-17T00:44:39.942Z", "updated_at": "2018-07-17T00:44:39.942Z", "status": true, "pes_nome": "Poli", "pes_cpf": "02783523167", "pes_rg": "5260901", "pes_telefone": "6241010462", "pes_celular": "6298540221", "pes_email": "poliirodrigues.92@gmail.com"}}, {"model": "core.pessoa", "pk": 3, "fields": {"created_at": "2018-07-19T19:07:26.179Z", "updated_at": "2018-07-19T19:07:26.179Z", "status": true, "pes_nome": "Magda Pereira Carlos", "pes_cpf": "", "pes_rg": "", "pes_telefone": "6230982297", "pes_celular": "62994925857", "pes_email": ""}}, {"model": "core.pessoa", "pk": 4, "fields": {"created_at": "2018-07-20T12:21:11.535Z", "updated_at": "2018-07-20T12:21:11.535Z", "status": true, "pes_nome": "Telma", "pes_cpf": "", "pes_rg": "", "pes_telefone": "993065654", "pes_celular": "993065654", "pes_email": ""}}, {"model": "core.pessoa", "pk": 5, "fields": {"created_at": "2018-07-20T12:35:57.641Z", "updated_at": "2018-07-20T12:35:57.641Z", "status": true, "pes_nome": "kecia", "pes_cpf": "", "pes_rg": "", "pes_telefone": "", "pes_celular": "985357888", "pes_email": ""}}, {"model": "core.pessoa", "pk": 6, "fields": {"created_at": "2018-07-20T12:49:03.091Z", "updated_at": "2018-07-20T12:49:03.091Z", "status": true, "pes_nome": "ludmilla de Souza aureliano", "pes_cpf": "", "pes_rg": "", "pes_telefone": "32820001", "pes_celular": "982664094", "pes_email": ""}}, {"model": "core.pessoa", "pk": 7, "fields": {"created_at": "2018-07-20T14:43:48.893Z", "updated_at": "2018-07-20T14:43:48.893Z", "status": true, "pes_nome": "edilane", "pes_cpf": "", "pes_rg": "", "pes_telefone": "", "pes_celular": "985845633", "pes_email": ""}}, {"model": "core.pessoa", "pk": 8, "fields": {"created_at": "2018-07-20T14:53:31.985Z", "updated_at": "2018-07-20T14:53:31.985Z", "status": true, "pes_nome": "Milena Costa", "pes_cpf": "", "pes_rg": "", "pes_telefone": "", "pes_celular": "62985716070", "pes_email": "milenaxingu@hotmail.com"}}, {"model": "core.pessoa", "pk": 9, "fields": {"created_at": "2018-07-20T15:04:12.562Z", "updated_at": "2018-07-20T15:04:12.562Z", "status": true, "pes_nome": "rita da silva porto", "pes_cpf": "", "pes_rg": "", "pes_telefone": "32780225", "pes_celular": "62991202650", "pes_email": ""}}, {"model": "core.pessoa", "pk": 10, "fields": {"created_at": "2018-07-23T11:44:53.268Z", "updated_at": "2018-07-23T11:44:53.268Z", "status": true, "pes_nome": "LUCIANO DA SILVA", "pes_cpf": "", "pes_rg": "", "pes_telefone": "", "pes_celular": "992486098", "pes_email": ""}}, {"model": "core.pessoa", "pk": 11, "fields": {"created_at": "2018-07-23T20:13:15.280Z", "updated_at": "2018-07-23T20:13:15.280Z", "status": true, "pes_nome": "RODRIGO HENRIQUE LIMA DE SOUZA", "pes_cpf": "", "pes_rg": "", "pes_telefone": "39811066", "pes_celular": "992321148", "pes_email": ""}}, {"model": "core.pessoa", "pk": 12, "fields": {"created_at": "2018-07-24T12:52:24.263Z", "updated_at": "2018-07-24T12:52:24.263Z", "status": true, "pes_nome": "milena vieira", "pes_cpf": "0346204321", "pes_rg": "", "pes_telefone": "", "pes_celular": "98988943062", "pes_email": ""}}, {"model": "core.pessoa", "pk": 13, "fields": {"created_at": "2018-07-24T19:06:26.315Z", "updated_at": "2018-07-24T19:06:26.315Z", "status": true, "pes_nome": "JULIANA LUIZA ARAUJO DA SILVA", "pes_cpf": "03028998122", "pes_rg": "", "pes_telefone": "", "pes_celular": "61983667190", "pes_email": ""}}, {"model": "core.pessoa", "pk": 14, "fields": {"created_at": "2018-07-25T12:27:02.985Z", "updated_at": "2018-07-25T12:27:02.985Z", "status": true, "pes_nome": "Etienne silva do nascimento", "pes_cpf": "71042385149", "pes_rg": "4166731", "pes_telefone": "6296436797", "pes_celular": "62996436797", "pes_email": "etienne.enf@hotmail.com"}}, {"model": "core.pessoa", "pk": 15, "fields": {"created_at": "2018-07-25T12:50:51.154Z", "updated_at": "2018-07-25T12:50:51.154Z", "status": true, "pes_nome": "Cliente Teste 11", "pes_cpf": "02783523167", "pes_rg": "5260901", "pes_telefone": "(62) 3242-0102", "pes_celular": "(62) 9 8540-2218", "pes_email": "haniel.cesa@gmail.com"}}, {"model": "core.pessoa", "pk": 16, "fields": {"created_at": "2018-07-25T13:14:25.112Z", "updated_at": "2018-07-25T13:14:25.112Z", "status": true, "pes_nome": "Eryka veras sousa mota", "pes_cpf": "", "pes_rg": "", "pes_telefone": "", "pes_celular": "(62) 9 9726-102", "pes_email": ""}}, {"model": "core.pessoa", "pk": 17, "fields": {"created_at": "2018-07-25T16:05:15.742Z", "updated_at": "2018-07-25T16:05:15.742Z", "status": true, "pes_nome": "Esdras Barbosa", "pes_cpf": "", "pes_rg": "", "pes_telefone": "", "pes_celular": "(62) 9 9565-0120", "pes_email": ""}}, {"model": "core.pessoa", "pk": 18, "fields": {"created_at": "2018-07-25T17:25:55.336Z", "updated_at": "2018-07-25T17:25:55.336Z", "status": true, "pes_nome": "Bruno Baiocchi", "pes_cpf": "", "pes_rg": "", "pes_telefone": "", "pes_celular": "(62) 9 8517-3587", "pes_email": ""}}, {"model": "core.pessoa", "pk": 19, "fields": {"created_at": "2018-07-25T17:33:58.306Z", "updated_at": "2018-07-27T18:27:54.965Z", "status": true, "pes_nome": "Lucas Soares", "pes_cpf": "", "pes_rg": "953504", "pes_telefone": "", "pes_celular": "(62) 9 9202-1272", "pes_email": ""}}, {"model": "core.pessoa", "pk": 20, "fields": {"created_at": "2018-07-26T13:00:12.787Z", "updated_at": "2018-07-26T13:00:12.787Z", "status": true, "pes_nome": "ANDERSON DA SILVA JESUS", "pes_cpf": "", "pes_rg": "", "pes_telefone": "", "pes_celular": "(62) 9 9337-7730", "pes_email": ""}}, {"model": "core.pessoa", "pk": 21, "fields": {"created_at": "2018-07-26T17:58:30.730Z", "updated_at": "2018-07-26T17:58:30.730Z", "status": true, "pes_nome": "EUDISLUZIA FERREIRA", "pes_cpf": "19382219153", "pes_rg": "", "pes_telefone": "", "pes_celular": "(62) 9 9294-5191", "pes_email": ""}}, {"model": "core.pessoa", "pk": 22, "fields": {"created_at": "2018-07-27T13:53:41.955Z", "updated_at": "2018-07-27T13:53:41.955Z", "status": true, "pes_nome": "APARECIDA RODRIGUES DE OLIVEIRA", "pes_cpf": "", "pes_rg": "", "pes_telefone": "", "pes_celular": "(62) 9 9215-4198", "pes_email": ""}}, {"model": "core.pessoa", "pk": 23, "fields": {"created_at": "2018-07-27T14:49:38.624Z", "updated_at": "2018-07-27T14:49:38.624Z", "status": true, "pes_nome": "Ronaldo sakaguchi", "pes_cpf": "", "pes_rg": "", "pes_telefone": "(62) 3249-0080", "pes_celular": "(62) 9 9389-9189", "pes_email": ""}}, {"model": "core.pessoa", "pk": 24, "fields": {"created_at": "2018-07-30T12:23:20.579Z", "updated_at": "2018-07-30T12:23:20.579Z", "status": true, "pes_nome": "Lucas Dias", "pes_cpf": "", "pes_rg": "", "pes_telefone": "", "pes_celular": "(62) 9 9368-8018", "pes_email": ""}}, {"model": "core.pessoa", "pk": 25, "fields": {"created_at": "2018-07-30T14:40:25.376Z", "updated_at": "2018-07-30T14:40:25.377Z", "status": true, "pes_nome": "EDNALVA APARECIDA BARBOSA", "pes_cpf": "60162600100", "pes_rg": "", "pes_telefone": "", "pes_celular": "(62) 9 9161-1436", "pes_email": ""}}, {"model": "core.pessoa", "pk": 26, "fields": {"created_at": "2018-07-30T18:24:20.227Z", "updated_at": "2018-07-30T18:24:20.227Z", "status": true, "pes_nome": "Adriano Trindade", "pes_cpf": "", "pes_rg": "", "pes_telefone": "", "pes_celular": "(94) 9 9295-9408", "pes_email": ""}}, {"model": "core.pessoa", "pk": 27, "fields": {"created_at": "2018-07-30T18:46:03.440Z", "updated_at": "2018-07-30T18:46:03.440Z", "status": true, "pes_nome": "Sandra Sousa Rodrigues", "pes_cpf": "", "pes_rg": "", "pes_telefone": "", "pes_celular": "(62) 9 8444-2196", "pes_email": ""}}, {"model": "core.pessoa", "pk": 28, "fields": {"created_at": "2018-07-30T20:36:04.419Z", "updated_at": "2018-07-30T20:36:04.419Z", "status": true, "pes_nome": "GUILHERME SALUSTIANO", "pes_cpf": "", "pes_rg": "28715", "pes_telefone": "(62) 3249-3597", "pes_celular": "(62) 9 9133-1154", "pes_email": ""}}, {"model": "core.pessoa", "pk": 29, "fields": {"created_at": "2018-07-30T20:42:36.996Z", "updated_at": "2018-07-30T20:42:36.996Z", "status": true, "pes_nome": "MICHAEL DOS SANTOS", "pes_cpf": "", "pes_rg": "4671117106", "pes_telefone": "(62) 3248-3390", "pes_celular": "(62) 9 8575-4103", "pes_email": ""}}, {"model": "core.pessoa", "pk": 30, "fields": {"created_at": "2018-07-31T14:00:18.831Z", "updated_at": "2018-07-31T14:00:18.831Z", "status": true, "pes_nome": "Danlery Silva Santos", "pes_cpf": "", "pes_rg": "", "pes_telefone": "", "pes_celular": "(62) 9 9999-9999", "pes_email": ""}}, {"model": "core.pessoa", "pk": 31, "fields": {"created_at": "2018-07-31T16:17:53.623Z", "updated_at": "2018-07-31T16:17:53.623Z", "status": true, "pes_nome": "CARLENE DOS SANTOS", "pes_cpf": "", "pes_rg": "", "pes_telefone": "", "pes_celular": "(62) 9 9441-6458", "pes_email": ""}}, {"model": "core.pessoa", "pk": 32, "fields": {"created_at": "2018-07-31T17:04:20.668Z", "updated_at": "2018-07-31T17:04:20.668Z", "status": true, "pes_nome": "BARTOLOMEU COELHO", "pes_cpf": "", "pes_rg": "184276020010", "pes_telefone": "", "pes_celular": "(62) 9 8250-8193", "pes_email": ""}}, {"model": "core.pessoa", "pk": 33, "fields": {"created_at": "2018-07-31T17:10:42.102Z", "updated_at": "2018-07-31T17:10:42.102Z", "status": true, "pes_nome": "LUCIANA GOMES DE GODOI", "pes_cpf": "59158263187", "pes_rg": "", "pes_telefone": "(62) 3282-7235", "pes_celular": "(62) 9 9332-2108", "pes_email": ""}}, {"model": "core.pessoa", "pk": 34, "fields": {"created_at": "2018-08-01T15:40:11.313Z", "updated_at": "2018-08-01T15:40:11.313Z", "status": true, "pes_nome": "GUTEMBERG BRITO DIAS", "pes_cpf": "", "pes_rg": "6066311", "pes_telefone": "", "pes_celular": "(62) 9 8224-4131", "pes_email": ""}}, {"model": "core.pessoa", "pk": 35, "fields": {"created_at": "2018-08-02T17:14:27.815Z", "updated_at": "2018-08-02T17:14:27.815Z", "status": true, "pes_nome": "LUCAS EDUARDO", "pes_cpf": "03579008129", "pes_rg": "", "pes_telefone": "", "pes_celular": "(62) 3 2788-169", "pes_email": ""}}, {"model": "core.pessoa", "pk": 36, "fields": {"created_at": "2018-08-02T19:29:09.137Z", "updated_at": "2018-08-02T19:29:09.137Z", "status": true, "pes_nome": "Samuel Rezende", "pes_cpf": "", "pes_rg": "", "pes_telefone": "", "pes_celular": "(62) 9 8241-2889", "pes_email": ""}}, {"model": "core.pessoa", "pk": 37, "fields": {"created_at": "2018-08-03T13:26:43.153Z", "updated_at": "2018-08-03T13:26:43.153Z", "status": true, "pes_nome": "ADRIANO SOARES DOS SANTOS", "pes_cpf": "70456949156", "pes_rg": "", "pes_telefone": "(62) 9320-5818", "pes_celular": "(63) 9 9556-0423", "pes_email": ""}}, {"model": "dispositivos.dispositivo", "pk": 1, "fields": {"created_at": "2018-07-16T23:44:19.568Z", "updated_at": "2018-07-16T23:44:19.568Z", "status": true, "marca": "LG", "modelo": "K430TV", "imei": "12345678945612", "url_img": "", "cliente": 1}}, {"model": "dispositivos.dispositivo", "pk": 2, "fields": {"created_at": "2018-07-17T00:45:04.872Z", "updated_at": "2018-07-17T00:45:04.873Z", "status": true, "marca": "SAM", "modelo": "SM-J500", "imei": "15", "url_img": "", "cliente": 2}}, {"model": "dispositivos.dispositivo", "pk": 3, "fields": {"created_at": "2018-07-19T19:08:35.209Z", "updated_at": "2018-07-19T19:08:35.209Z", "status": true, "marca": "GEN", "modelo": "dl", "imei": "15", "url_img": "", "cliente": 3}}, {"model": "dispositivos.dispositivo", "pk": 4, "fields": {"created_at": "2018-07-20T12:22:03.130Z", "updated_at": "2018-07-20T12:22:03.130Z", "status": true, "marca": "SAM", "modelo": "g530", "imei": "353520079457313", "url_img": "", "cliente": 4}}, {"model": "dispositivos.dispositivo", "pk": 5, "fields": {"created_at": "2018-07-20T12:25:11.267Z", "updated_at": "2018-07-20T12:25:11.267Z", "status": true, "marca": "GEN", "modelo": "balde A460", "imei": "867370027563724", "url_img": "", "cliente": 4}}, {"model": "dispositivos.dispositivo", "pk": 6, "fields": {"created_at": "2018-07-20T12:39:02.343Z", "updated_at": "2018-07-20T12:39:02.343Z", "status": true, "marca": "MOT", "modelo": "G2", "imei": "358999063498829", "url_img": "", "cliente": 5}}, {"model": "dispositivos.dispositivo", "pk": 7, "fields": {"created_at": "2018-07-20T12:49:38.699Z", "updated_at": "2018-07-20T12:49:38.699Z", "status": true, "marca": "APL", "modelo": "4s", "imei": "350000000", "url_img": "", "cliente": 6}}, {"model": "dispositivos.dispositivo", "pk": 8, "fields": {"created_at": "2018-07-20T14:44:42.852Z", "updated_at": "2018-07-20T14:44:42.852Z", "status": true, "marca": "MOT", "modelo": "G3", "imei": "352366074469550", "url_img": "", "cliente": 7}}, {"model": "dispositivos.dispositivo", "pk": 9, "fields": {"created_at": "2018-07-20T14:54:05.362Z", "updated_at": "2018-07-20T14:54:05.362Z", "status": true, "marca": "SAM", "modelo": "SM-J500", "imei": "15", "url_img": "", "cliente": 8}}, {"model": "dispositivos.dispositivo", "pk": 10, "fields": {"created_at": "2018-07-20T15:05:04.101Z", "updated_at": "2018-07-20T15:05:04.101Z", "status": true, "marca": "SAM", "modelo": "j5", "imei": "357208070932718", "url_img": "", "cliente": 9}}, {"model": "dispositivos.dispositivo", "pk": 11, "fields": {"created_at": "2018-07-23T11:46:08.015Z", "updated_at": "2018-07-23T11:46:08.015Z", "status": true, "marca": "MOT", "modelo": "Z2 PLAY", "imei": "35564408456832", "url_img": "", "cliente": 10}}, {"model": "dispositivos.dispositivo", "pk": 12, "fields": {"created_at": "2018-07-23T20:14:11.044Z", "updated_at": "2018-07-23T20:14:11.044Z", "status": true, "marca": "MOT", "modelo": "G1", "imei": "353335062863017", "url_img": "", "cliente": 11}}, {"model": "dispositivos.dispositivo", "pk": 13, "fields": {"created_at": "2018-07-24T12:53:43.166Z", "updated_at": "2018-07-24T12:53:43.166Z", "status": true, "marca": "SAM", "modelo": "J7 PRIME", "imei": "354158080629163", "url_img": "", "cliente": 12}}, {"model": "dispositivos.dispositivo", "pk": 14, "fields": {"created_at": "2018-07-24T19:09:08.842Z", "updated_at": "2018-07-24T19:09:08.842Z", "status": true, "marca": "ASU", "modelo": "X555", "imei": "1500000", "url_img": "", "cliente": 13}}, {"model": "dispositivos.dispositivo", "pk": 15, "fields": {"created_at": "2018-07-25T12:28:38.350Z", "updated_at": "2018-07-25T12:28:38.350Z", "status": true, "marca": "APL", "modelo": "6 PLUS", "imei": "352066066306254", "url_img": "", "cliente": 14}}, {"model": "dispositivos.dispositivo", "pk": 16, "fields": {"created_at": "2018-07-25T13:15:18.166Z", "updated_at": "2018-07-25T13:15:18.166Z", "status": true, "marca": "SAM", "modelo": "J2 PRIME", "imei": "35000000", "url_img": "", "cliente": 16}}, {"model": "dispositivos.dispositivo", "pk": 17, "fields": {"created_at": "2018-07-25T16:05:45.843Z", "updated_at": "2018-07-25T16:05:45.843Z", "status": true, "marca": "GEN", "modelo": "FOSTON", "imei": "15", "url_img": "", "cliente": 17}}, {"model": "dispositivos.dispositivo", "pk": 18, "fields": {"created_at": "2018-07-25T17:26:21.773Z", "updated_at": "2018-07-25T17:28:34.740Z", "status": true, "marca": "APL", "modelo": "IPHONE 7", "imei": "15", "url_img": "", "cliente": 18}}, {"model": "dispositivos.dispositivo", "pk": 19, "fields": {"created_at": "2018-07-25T17:34:41.107Z", "updated_at": "2018-07-27T18:34:39.108Z", "status": true, "marca": "SAM", "modelo": "J5 PRIME", "imei": "123456789456128", "url_img": "", "cliente": 19}}, {"model": "dispositivos.dispositivo", "pk": 20, "fields": {"created_at": "2018-07-26T13:01:08.071Z", "updated_at": "2018-07-26T13:01:08.071Z", "status": true, "marca": "MOT", "modelo": "G2", "imei": "355481066644765", "url_img": "", "cliente": 20}}, {"model": "dispositivos.dispositivo", "pk": 21, "fields": {"created_at": "2018-07-26T17:59:39.460Z", "updated_at": "2018-07-26T17:59:39.460Z", "status": true, "marca": "SAM", "modelo": "SM-T285M", "imei": "352817090978900", "url_img": "", "cliente": 21}}, {"model": "dispositivos.dispositivo", "pk": 22, "fields": {"created_at": "2018-07-27T13:56:03.393Z", "updated_at": "2018-07-27T13:56:03.393Z", "status": true, "marca": "ALC", "modelo": "8050", "imei": "123457789012345", "url_img": "", "cliente": 22}}, {"model": "dispositivos.dispositivo", "pk": 23, "fields": {"created_at": "2018-07-27T14:50:48.016Z", "updated_at": "2018-07-27T14:50:48.016Z", "status": true, "marca": "LG", "modelo": "D337", "imei": "351755070664218", "url_img": "", "cliente": 23}}, {"model": "dispositivos.dispositivo", "pk": 24, "fields": {"created_at": "2018-07-30T12:23:53.676Z", "updated_at": "2018-07-30T12:23:53.676Z", "status": true, "marca": "APL", "modelo": "A1122", "imei": "151516727282828", "url_img": "", "cliente": 24}}, {"model": "dispositivos.dispositivo", "pk": 25, "fields": {"created_at": "2018-07-30T14:41:15.741Z", "updated_at": "2018-07-30T14:41:15.741Z", "status": true, "marca": "APL", "modelo": "6S", "imei": "35000000000000", "url_img": "", "cliente": 25}}, {"model": "dispositivos.dispositivo", "pk": 26, "fields": {"created_at": "2018-07-30T16:25:51.951Z", "updated_at": "2018-07-30T16:25:51.951Z", "status": true, "marca": "LG", "modelo": "H326", "imei": "359326065736890", "url_img": "", "cliente": 23}}, {"model": "dispositivos.dispositivo", "pk": 27, "fields": {"created_at": "2018-07-30T18:24:57.361Z", "updated_at": "2018-07-30T18:24:57.361Z", "status": true, "marca": "MOT", "modelo": "XT1603", "imei": "178181818181818", "url_img": "", "cliente": 26}}, {"model": "dispositivos.dispositivo", "pk": 28, "fields": {"created_at": "2018-07-30T18:47:00.566Z", "updated_at": "2018-07-30T18:47:00.566Z", "status": true, "marca": "MOT", "modelo": "K35B36", "imei": "627272728288282", "url_img": "", "cliente": 27}}, {"model": "dispositivos.dispositivo", "pk": 29, "fields": {"created_at": "2018-07-30T20:37:00.782Z", "updated_at": "2018-07-30T20:37:00.782Z", "status": true, "marca": "MOT", "modelo": "G5", "imei": "351868085564370", "url_img": "", "cliente": 28}}, {"model": "dispositivos.dispositivo", "pk": 30, "fields": {"created_at": "2018-07-30T20:43:59.066Z", "updated_at": "2018-07-30T20:43:59.066Z", "status": true, "marca": "LG", "modelo": "K10 TV", "imei": "357724077161994", "url_img": "", "cliente": 29}}, {"model": "dispositivos.dispositivo", "pk": 31, "fields": {"created_at": "2018-07-31T14:01:21.822Z", "updated_at": "2018-07-31T14:01:21.822Z", "status": true, "marca": "SAM", "modelo": "SM-J105B", "imei": "35644308504748", "url_img": "", "cliente": 30}}, {"model": "dispositivos.dispositivo", "pk": 32, "fields": {"created_at": "2018-07-31T16:19:11.414Z", "updated_at": "2018-07-31T16:19:11.414Z", "status": true, "marca": "MOT", "modelo": "E4 PLUS", "imei": "35000000000000", "url_img": "", "cliente": 31}}, {"model": "dispositivos.dispositivo", "pk": 33, "fields": {"created_at": "2018-07-31T17:06:20.444Z", "updated_at": "2018-07-31T17:06:20.444Z", "status": true, "marca": "MOT", "modelo": "G5 PLUS", "imei": "356493085464490", "url_img": "", "cliente": 32}}, {"model": "dispositivos.dispositivo", "pk": 34, "fields": {"created_at": "2018-07-31T17:06:29.466Z", "updated_at": "2018-07-31T17:06:29.466Z", "status": true, "marca": "MOT", "modelo": "G5 PLUS", "imei": "356493085464490", "url_img": "", "cliente": 32}}, {"model": "dispositivos.dispositivo", "pk": 35, "fields": {"created_at": "2018-07-31T17:11:57.399Z", "updated_at": "2018-07-31T17:11:57.399Z", "status": true, "marca": "SAM", "modelo": "SM T210", "imei": "350000000000000", "url_img": "", "cliente": 33}}, {"model": "dispositivos.dispositivo", "pk": 36, "fields": {"created_at": "2018-07-31T17:15:32.559Z", "updated_at": "2018-07-31T17:15:32.559Z", "status": true, "marca": "SAM", "modelo": "J500", "imei": "356361085414627", "url_img": "", "cliente": 33}}, {"model": "dispositivos.dispositivo", "pk": 37, "fields": {"created_at": "2018-08-01T15:40:53.516Z", "updated_at": "2018-08-01T15:40:53.516Z", "status": true, "marca": "APL", "modelo": "5G", "imei": "35000000000000", "url_img": "", "cliente": 34}}, {"model": "dispositivos.dispositivo", "pk": 38, "fields": {"created_at": "2018-08-02T17:15:34.908Z", "updated_at": "2018-08-02T17:15:34.908Z", "status": true, "marca": "APL", "modelo": "5S BRANCO", "imei": "359142070152886", "url_img": "", "cliente": 35}}, {"model": "dispositivos.dispositivo", "pk": 39, "fields": {"created_at": "2018-08-02T17:16:10.439Z", "updated_at": "2018-08-02T17:16:10.439Z", "status": true, "marca": "APL", "modelo": "5S BRANCO", "imei": "359142070152886", "url_img": "", "cliente": 35}}, {"model": "dispositivos.dispositivo", "pk": 40, "fields": {"created_at": "2018-08-02T19:30:06.109Z", "updated_at": "2018-08-02T19:30:06.109Z", "status": true, "marca": "APL", "modelo": "6PLUS", "imei": "354389069780012", "url_img": "", "cliente": 36}}, {"model": "dispositivos.dispositivo", "pk": 41, "fields": {"created_at": "2018-08-02T19:32:05.279Z", "updated_at": "2018-08-02T19:32:05.279Z", "status": true, "marca": "MOT", "modelo": "XT1068", "imei": "358964065002373", "url_img": "", "cliente": 36}}, {"model": "dispositivos.dispositivo", "pk": 42, "fields": {"created_at": "2018-08-03T13:28:00.664Z", "updated_at": "2018-08-03T13:28:00.664Z", "status": true, "marca": "SAM", "modelo": "8552", "imei": "358073055157536", "url_img": "", "cliente": 37}}, {"model": "clientes.cliente", "pk": 1, "fields": {"pessoa_ptr": 1}}, {"model": "clientes.cliente", "pk": 2, "fields": {"pessoa_ptr": 2}}, {"model": "clientes.cliente", "pk": 3, "fields": {"pessoa_ptr": 3}}, {"model": "clientes.cliente", "pk": 4, "fields": {"pessoa_ptr": 4}}, {"model": "clientes.cliente", "pk": 5, "fields": {"pessoa_ptr": 5}}, {"model": "clientes.cliente", "pk": 6, "fields": {"pessoa_ptr": 6}}, {"model": "clientes.cliente", "pk": 7, "fields": {"pessoa_ptr": 7}}, {"model": "clientes.cliente", "pk": 8, "fields": {"pessoa_ptr": 8}}, {"model": "clientes.cliente", "pk": 9, "fields": {"pessoa_ptr": 9}}, {"model": "clientes.cliente", "pk": 10, "fields": {"pessoa_ptr": 10}}, {"model": "clientes.cliente", "pk": 11, "fields": {"pessoa_ptr": 11}}, {"model": "clientes.cliente", "pk": 12, "fields": {"pessoa_ptr": 12}}, {"model": "clientes.cliente", "pk": 13, "fields": {"pessoa_ptr": 13}}, {"model": "clientes.cliente", "pk": 14, "fields": {"pessoa_ptr": 14}}, {"model": "clientes.cliente", "pk": 15, "fields": {"pessoa_ptr": 15}}, {"model": "clientes.cliente", "pk": 16, "fields": {"pessoa_ptr": 16}}, {"model": "clientes.cliente", "pk": 17, "fields": {"pessoa_ptr": 17}}, {"model": "clientes.cliente", "pk": 18, "fields": {"pessoa_ptr": 18}}, {"model": "clientes.cliente", "pk": 19, "fields": {"pessoa_ptr": 19}}, {"model": "clientes.cliente", "pk": 20, "fields": {"pessoa_ptr": 20}}, {"model": "clientes.cliente", "pk": 21, "fields": {"pessoa_ptr": 21}}, {"model": "clientes.cliente", "pk": 22, "fields": {"pessoa_ptr": 22}}, {"model": "clientes.cliente", "pk": 23, "fields": {"pessoa_ptr": 23}}, {"model": "clientes.cliente", "pk": 24, "fields": {"pessoa_ptr": 24}}, {"model": "clientes.cliente", "pk": 25, "fields": {"pessoa_ptr": 25}}, {"model": "clientes.cliente", "pk": 26, "fields": {"pessoa_ptr": 26}}, {"model": "clientes.cliente", "pk": 27, "fields": {"pessoa_ptr": 27}}, {"model": "clientes.cliente", "pk": 28, "fields": {"pessoa_ptr": 28}}, {"model": "clientes.cliente", "pk": 29, "fields": {"pessoa_ptr": 29}}, {"model": "clientes.cliente", "pk": 30, "fields": {"pessoa_ptr": 30}}, {"model": "clientes.cliente", "pk": 31, "fields": {"pessoa_ptr": 31}}, {"model": "clientes.cliente", "pk": 32, "fields": {"pessoa_ptr": 32}}, {"model": "clientes.cliente", "pk": 33, "fields": {"pessoa_ptr": 33}}, {"model": "clientes.cliente", "pk": 34, "fields": {"pessoa_ptr": 34}}, {"model": "clientes.cliente", "pk": 35, "fields": {"pessoa_ptr": 35}}, {"model": "clientes.cliente", "pk": 36, "fields": {"pessoa_ptr": 36}}, {"model": "clientes.cliente", "pk": 37, "fields": {"pessoa_ptr": 37}}, {"model": "servicos.ordemservico", "pk": 29, "fields": {"created_at": "2018-07-19T19:09:48.880Z", "updated_at": "2018-07-19T19:09:48.880Z", "acessorios": "", "tipo_servico": "9", "descricao": "", "status": "1", "orcamento_currency": "BRL", "orcamento": "60.00", "hospedagem": null, "cliente": 3, "dispositivos": 3}}, {"model": "servicos.ordemservico", "pk": 30, "fields": {"created_at": "2018-07-19T22:27:53.193Z", "updated_at": "2018-07-21T23:37:30.286Z", "acessorios": "", "tipo_servico": "6", "descricao": "Teste", "status": "1", "orcamento_currency": "BRL", "orcamento": "26.00", "hospedagem": "", "cliente": 1, "dispositivos": 1}}, {"model": "servicos.ordemservico", "pk": 31, "fields": {"created_at": "2018-07-19T22:33:17.986Z", "updated_at": "2018-07-19T22:33:17.986Z", "acessorios": "", "tipo_servico": "4", "descricao": "Tetes", "status": "1", "orcamento_currency": "BRL", "orcamento": "22.00", "hospedagem": null, "cliente": 1, "dispositivos": 1}}, {"model": "servicos.ordemservico", "pk": 32, "fields": {"created_at": "2018-07-20T12:23:09.976Z", "updated_at": "2018-07-20T19:54:52.381Z", "acessorios": "", "tipo_servico": "2", "descricao": "Troca touch. SUCESSO", "status": "8", "orcamento_currency": "BRL", "orcamento": "100.00", "hospedagem": "", "cliente": 4, "dispositivos": 4}}, {"model": "servicos.ordemservico", "pk": 33, "fields": {"created_at": "2018-07-20T12:26:24.356Z", "updated_at": "2018-07-20T12:26:24.356Z", "acessorios": "", "tipo_servico": "1", "descricao": "Or\u00e7amento repassar valor 993065654", "status": "1", "orcamento_currency": "BRL", "orcamento": "0.00", "hospedagem": null, "cliente": 4, "dispositivos": 5}}, {"model": "servicos.ordemservico", "pk": 34, "fields": {"created_at": "2018-07-20T12:40:45.600Z", "updated_at": "2018-07-20T19:10:35.063Z", "acessorios": "", "tipo_servico": "16", "descricao": "Celular desliga a tela e n acende.\r\nCELULAR AINDA ESTA LENTO.\r\nProcessador est&#65533; com insufici&#65533;ncia de carga.", "status": "8", "orcamento_currency": "BRL", "orcamento": "100.00", "hospedagem": "", "cliente": 5, "dispositivos": 6}}, {"model": "servicos.ordemservico", "pk": 35, "fields": {"created_at": "2018-07-20T12:51:50.461Z", "updated_at": "2018-07-20T19:15:35.769Z", "acessorios": "", "tipo_servico": "12", "descricao": "Ressoldagem mais substitui\ufffd\ufffdo de autofalante\r\n(SUCESSO)", "status": "8", "orcamento_currency": "BRL", "orcamento": "80.00", "hospedagem": "", "cliente": 6, "dispositivos": 7}}, {"model": "servicos.ordemservico", "pk": 36, "fields": {"created_at": "2018-07-20T14:46:08.411Z", "updated_at": "2018-07-20T19:53:59.852Z", "acessorios": "", "tipo_servico": "1", "descricao": "Troca de lcd completo ela vai passar cartao buscar hoje.\r\nBATERIA um pouco inchada.", "status": "8", "orcamento_currency": "BRL", "orcamento": "170.00", "hospedagem": "", "cliente": 7, "dispositivos": 8}}, {"model": "servicos.ordemservico", "pk": 37, "fields": {"created_at": "2018-07-20T14:54:52.931Z", "updated_at": "2018-07-20T19:14:27.863Z", "acessorios": "", "tipo_servico": "15", "descricao": "Software para lojista. Pago.", "status": "8", "orcamento_currency": "BRL", "orcamento": "20.00", "hospedagem": "", "cliente": 8, "dispositivos": 9}}, {"model": "servicos.ordemservico", "pk": 38, "fields": {"created_at": "2018-07-20T15:06:29.211Z", "updated_at": "2018-07-20T15:06:29.211Z", "acessorios": "", "tipo_servico": "1", "descricao": "Troca de lcd completo entregar no ECLIPSE MOTEL", "status": "1", "orcamento_currency": "BRL", "orcamento": "280.00", "hospedagem": "a-2", "cliente": 9, "dispositivos": 10}}, {"model": "servicos.ordemservico", "pk": 39, "fields": {"created_at": "2018-07-20T19:42:25.343Z", "updated_at": "2018-07-20T19:42:25.343Z", "acessorios": "", "tipo_servico": "14", "descricao": "", "status": "1", "orcamento_currency": "BRL", "orcamento": "20.00", "hospedagem": "", "cliente": 8, "dispositivos": 9}}, {"model": "servicos.ordemservico", "pk": 40, "fields": {"created_at": "2018-07-23T11:47:27.181Z", "updated_at": "2018-07-23T11:47:27.181Z", "acessorios": "", "tipo_servico": "10", "descricao": "nao carrega resssoldar base de crga", "status": "1", "orcamento_currency": "BRL", "orcamento": "0.00", "hospedagem": "B-3", "cliente": 10, "dispositivos": 11}}, {"model": "servicos.ordemservico", "pk": 41, "fields": {"created_at": "2018-07-23T20:16:06.232Z", "updated_at": "2018-07-24T13:42:10.847Z", "acessorios": "", "tipo_servico": "14", "descricao": "Celular com loop infinito.", "status": "8", "orcamento_currency": "BRL", "orcamento": "80.00", "hospedagem": "", "cliente": 11, "dispositivos": 12}}, {"model": "servicos.ordemservico", "pk": 42, "fields": {"created_at": "2018-07-24T12:56:22.501Z", "updated_at": "2018-07-24T12:56:22.501Z", "acessorios": "", "tipo_servico": "10", "descricao": "Troca resistor de temperatura. Celular molhou desoxidacao.\r\nLigar para confirmar. \r\nRISCO DE QUEBRAR A TELA", "status": "1", "orcamento_currency": "BRL", "orcamento": "150.00", "hospedagem": "B-4", "cliente": 12, "dispositivos": 13}}, {"model": "servicos.ordemservico", "pk": 43, "fields": {"created_at": "2018-07-24T19:12:07.163Z", "updated_at": "2018-07-24T19:12:07.163Z", "acessorios": "", "tipo_servico": "1", "descricao": "Troca de LCD EM 2X no cartao.\r\n confirmar com a juliana antes.", "status": "1", "orcamento_currency": "BRL", "orcamento": "400.00", "hospedagem": "D-3", "cliente": 13, "dispositivos": 14}}, {"model": "servicos.ordemservico", "pk": 44, "fields": {"created_at": "2018-07-25T12:30:40.793Z", "updated_at": "2018-07-25T12:30:40.793Z", "acessorios": "", "tipo_servico": "1", "descricao": "Display apresentando faltande cominucacao com o aparelho.\r\nFAZER ORCAMENTO.", "status": "1", "orcamento_currency": "BRL", "orcamento": "0.00", "hospedagem": "A-7", "cliente": 14, "dispositivos": 15}}, {"model": "servicos.ordemservico", "pk": 45, "fields": {"created_at": "2018-07-25T13:16:33.348Z", "updated_at": "2018-07-25T19:11:17.985Z", "acessorios": "", "tipo_servico": "2", "descricao": "Troca de touch e  colocar camera frontal.", "status": "4", "orcamento_currency": "BRL", "orcamento": "150.00", "hospedagem": "", "cliente": 16, "dispositivos": 16}}, {"model": "servicos.ordemservico", "pk": 46, "fields": {"created_at": "2018-07-25T16:06:23.021Z", "updated_at": "2018-07-25T18:49:12.646Z", "acessorios": "", "tipo_servico": "15", "descricao": "N\ufffdo \ufffd poss\ufffdvel realizar o desbloqueio, pois \ufffd necess\ufffdrio uma comunica\ufffd\ufffdo USB. Mas todavia o tablet em quest\ufffdo est\ufffd com o conector USB defeituoso. Por se tratar de um conector j\ufffd ultrapassado n\ufffdo possu\ufffdmos pe\ufffda para reposi\ufffd\ufffdo.", "status": "6", "orcamento_currency": "BRL", "orcamento": "50.00", "hospedagem": "", "cliente": 17, "dispositivos": 17}}, {"model": "servicos.ordemservico", "pk": 47, "fields": {"created_at": "2018-07-25T17:29:20.922Z", "updated_at": "2018-07-25T17:31:27.760Z", "acessorios": "", "tipo_servico": "14", "descricao": "242812", "status": "4", "orcamento_currency": "BRL", "orcamento": "100.00", "hospedagem": "", "cliente": 18, "dispositivos": 18}}, {"model": "servicos.ordemservico", "pk": 48, "fields": {"created_at": "2018-07-25T17:38:18.052Z", "updated_at": "2018-07-27T18:35:27.760Z", "acessorios": "", "tipo_servico": "1", "descricao": "Reparo LCD ou troca de LCD.\r\nABERTURA DE APARELHO CUSTA R$30", "status": "8", "orcamento_currency": "BRL", "orcamento": "280.00", "hospedagem": "", "cliente": 19, "dispositivos": 19}}, {"model": "servicos.ordemservico", "pk": 49, "fields": {"created_at": "2018-07-26T13:02:12.526Z", "updated_at": "2018-07-26T13:02:12.527Z", "acessorios": "", "tipo_servico": "1", "descricao": "RETORNO T\r\nFOI TROCADO A TELA E NAO LIGA", "status": "1", "orcamento_currency": "BRL", "orcamento": "0.00", "hospedagem": "", "cliente": 20, "dispositivos": 20}}, {"model": "servicos.ordemservico", "pk": 50, "fields": {"created_at": "2018-07-26T18:00:22.232Z", "updated_at": "2018-07-26T18:00:22.232Z", "acessorios": "", "tipo_servico": "1", "descricao": "Entregar as 16hrs de sexta", "status": "1", "orcamento_currency": "BRL", "orcamento": "230.00", "hospedagem": "B-1", "cliente": 21, "dispositivos": 21}}, {"model": "servicos.ordemservico", "pk": 51, "fields": {"created_at": "2018-07-27T13:58:08.762Z", "updated_at": "2018-07-30T20:28:40.755Z", "acessorios": "", "tipo_servico": "8", "descricao": "Colar touch", "status": "9", "orcamento_currency": "BRL", "orcamento": "20.00", "hospedagem": "", "cliente": 22, "dispositivos": 22}}, {"model": "servicos.ordemservico", "pk": 52, "fields": {"created_at": "2018-07-27T14:52:22.387Z", "updated_at": "2018-07-27T18:26:29.351Z", "acessorios": "", "tipo_servico": "10", "descricao": "Troca base DE carga", "status": "4", "orcamento_currency": "BRL", "orcamento": "70.00", "hospedagem": "", "cliente": 23, "dispositivos": 23}}, {"model": "servicos.ordemservico", "pk": 53, "fields": {"created_at": "2018-07-30T12:24:15.133Z", "updated_at": "2018-07-30T12:24:15.133Z", "acessorios": "", "tipo_servico": "1", "descricao": "", "status": "1", "orcamento_currency": "BRL", "orcamento": "0.00", "hospedagem": "B-1", "cliente": 24, "dispositivos": 24}}, {"model": "servicos.ordemservico", "pk": 54, "fields": {"created_at": "2018-07-30T14:44:29.956Z", "updated_at": "2018-07-30T16:44:23.739Z", "acessorios": "", "tipo_servico": "1", "descricao": "Senha 0205", "status": "9", "orcamento_currency": "BRL", "orcamento": "250.00", "hospedagem": "", "cliente": 25, "dispositivos": 25}}, {"model": "servicos.ordemservico", "pk": 55, "fields": {"created_at": "2018-07-30T16:26:47.544Z", "updated_at": "2018-07-30T19:02:16.535Z", "acessorios": "", "tipo_servico": "10", "descricao": "N\ufffdo liga", "status": "9", "orcamento_currency": "BRL", "orcamento": "0.00", "hospedagem": "", "cliente": 23, "dispositivos": 26}}, {"model": "servicos.ordemservico", "pk": 56, "fields": {"created_at": "2018-07-30T18:25:50.840Z", "updated_at": "2018-07-30T19:16:58.654Z", "acessorios": "", "tipo_servico": "14", "descricao": "Bot&#65533;o  de desligar mal encaixado. Tela piscando. N&#65533;o l&#65533; chip", "status": "6", "orcamento_currency": "BRL", "orcamento": "80.00", "hospedagem": "", "cliente": 26, "dispositivos": 27}}, {"model": "servicos.ordemservico", "pk": 57, "fields": {"created_at": "2018-07-30T18:47:29.859Z", "updated_at": "2018-07-31T16:46:07.449Z", "acessorios": "", "tipo_servico": "6", "descricao": "", "status": "8", "orcamento_currency": "BRL", "orcamento": "110.00", "hospedagem": "", "cliente": 27, "dispositivos": 28}}, {"model": "servicos.ordemservico", "pk": 58, "fields": {"created_at": "2018-07-30T20:40:21.712Z", "updated_at": "2018-07-31T20:00:39.209Z", "acessorios": "", "tipo_servico": "10", "descricao": "Nao ta ligando so da sinal na tomada.\r\n- Foi realizado a troca da base de carga USB.", "status": "8", "orcamento_currency": "BRL", "orcamento": "0.00", "hospedagem": "", "cliente": 28, "dispositivos": 29}}, {"model": "servicos.ordemservico", "pk": 59, "fields": {"created_at": "2018-07-30T20:44:52.601Z", "updated_at": "2018-08-02T12:18:35.627Z", "acessorios": "", "tipo_servico": "10", "descricao": "N\ufffdo carrega troca base de carga.", "status": "8", "orcamento_currency": "BRL", "orcamento": "70.00", "hospedagem": "", "cliente": 29, "dispositivos": 30}}, {"model": "servicos.ordemservico", "pk": 60, "fields": {"created_at": "2018-07-31T14:02:21.445Z", "updated_at": "2018-07-31T15:12:23.121Z", "acessorios": "", "tipo_servico": "10", "descricao": "Or\ufffdamento. N\ufffdo liga. Carrega mais n\ufffdo liga.", "status": "9", "orcamento_currency": "BRL", "orcamento": "0.00", "hospedagem": "", "cliente": 30, "dispositivos": 31}}, {"model": "servicos.ordemservico", "pk": 61, "fields": {"created_at": "2018-07-31T16:20:59.445Z", "updated_at": "2018-08-01T17:42:21.116Z", "acessorios": "", "tipo_servico": "10", "descricao": "Troca placa de carga completa. Ou s&#65533; a base 70 reais.\r\nCOLOCOU PRA CARREGAR CARREGADOR PARALELO CARREGADOR ESTOUROU E CELULAR NAO LIGA MAIS..", "status": "3", "orcamento_currency": "BRL", "orcamento": "150.00", "hospedagem": "", "cliente": 31, "dispositivos": 32}}, {"model": "servicos.ordemservico", "pk": 62, "fields": {"created_at": "2018-07-31T17:08:40.731Z", "updated_at": "2018-08-01T17:48:55.693Z", "acessorios": "", "tipo_servico": "10", "descricao": "NA LIGA&#65533;&#65533;O &#65533; PESSOA DO OUTRO LADO DA LINHA NAO ESCUTA.\r\n(AINDA NAO DEU CERTO PRECISA DE MAIS TEMPO)", "status": "4", "orcamento_currency": "BRL", "orcamento": "0.00", "hospedagem": "", "cliente": 32, "dispositivos": 34}}, {"model": "servicos.ordemservico", "pk": 63, "fields": {"created_at": "2018-07-31T17:13:07.360Z", "updated_at": "2018-08-01T19:11:30.499Z", "acessorios": "", "tipo_servico": "11", "descricao": "ESTAVA FUNCIONANDO DESCARREGOU DESLIGOU E NAO QUIS LIGAR MAIS.\r\n(RESSOLDAGEM FEITA NA PLACA OBTENDO SUCESSO)", "status": "8", "orcamento_currency": "BRL", "orcamento": "80.00", "hospedagem": "", "cliente": 33, "dispositivos": 35}}, {"model": "servicos.ordemservico", "pk": 64, "fields": {"created_at": "2018-07-31T17:16:12.230Z", "updated_at": "2018-08-01T19:10:01.016Z", "acessorios": "", "tipo_servico": "10", "descricao": "Tecla Power NAO Funciona (Foi feita a substitui\ufffd\ufffdo do AMD POWER)", "status": "8", "orcamento_currency": "BRL", "orcamento": "100.00", "hospedagem": "", "cliente": 33, "dispositivos": 36}}, {"model": "servicos.ordemservico", "pk": 65, "fields": {"created_at": "2018-08-01T15:42:17.475Z", "updated_at": "2018-08-02T12:22:19.301Z", "acessorios": "", "tipo_servico": "1", "descricao": "Troca base de carga original.\r\n(TROQUEI BASE E NAO DEU CERTO PRECISO DE MAIS TEMPO)", "status": "6", "orcamento_currency": "BRL", "orcamento": "100.00", "hospedagem": "", "cliente": 34, "dispositivos": 37}}, {"model": "servicos.ordemservico", "pk": 66, "fields": {"created_at": "2018-08-02T17:18:40.113Z", "updated_at": "2018-08-03T18:55:46.473Z", "acessorios": "", "tipo_servico": "2", "descricao": "Pel\ufffdcula de brinde", "status": "9", "orcamento_currency": "BRL", "orcamento": "180.00", "hospedagem": "", "cliente": 35, "dispositivos": 39}}, {"model": "servicos.ordemservico", "pk": 67, "fields": {"created_at": "2018-08-02T19:31:01.970Z", "updated_at": "2018-08-02T19:31:01.970Z", "acessorios": "", "tipo_servico": "14", "descricao": "N\u00e3o liga.", "status": "1", "orcamento_currency": "BRL", "orcamento": "100.00", "hospedagem": "B-3", "cliente": 36, "dispositivos": 40}}, {"model": "servicos.ordemservico", "pk": 68, "fields": {"created_at": "2018-08-02T19:32:47.865Z", "updated_at": "2018-08-02T19:32:47.865Z", "acessorios": "", "tipo_servico": "1", "descricao": "Or\u00e7amento tela.", "status": "1", "orcamento_currency": "BRL", "orcamento": "0.00", "hospedagem": "B-4", "cliente": 36, "dispositivos": 41}}, {"model": "servicos.ordemservico", "pk": 69, "fields": {"created_at": "2018-08-03T13:28:57.233Z", "updated_at": "2018-08-03T13:28:57.234Z", "acessorios": "", "tipo_servico": "2", "descricao": "", "status": "1", "orcamento_currency": "BRL", "orcamento": "80.00", "hospedagem": "", "cliente": 37, "dispositivos": 42}}, {"model": "auth.permission", "pk": 1, "fields": {"name": "Can add Theme", "content_type": 1, "codename": "add_theme"}}, {"model": "auth.permission", "pk": 2, "fields": {"name": "Can change Theme", "content_type": 1, "codename": "change_theme"}}, {"model": "auth.permission", "pk": 3, "fields": {"name": "Can delete Theme", "content_type": 1, "codename": "delete_theme"}}, {"model": "auth.permission", "pk": 4, "fields": {"name": "Can add log entry", "content_type": 2, "codename": "add_logentry"}}, {"model": "auth.permission", "pk": 5, "fields": {"name": "Can change log entry", "content_type": 2, "codename": "change_logentry"}}, {"model": "auth.permission", "pk": 6, "fields": {"name": "Can delete log entry", "content_type": 2, "codename": "delete_logentry"}}, {"model": "auth.permission", "pk": 7, "fields": {"name": "Can add permission", "content_type": 3, "codename": "add_permission"}}, {"model": "auth.permission", "pk": 8, "fields": {"name": "Can change permission", "content_type": 3, "codename": "change_permission"}}, {"model": "auth.permission", "pk": 9, "fields": {"name": "Can delete permission", "content_type": 3, "codename": "delete_permission"}}, {"model": "auth.permission", "pk": 10, "fields": {"name": "Can add group", "content_type": 4, "codename": "add_group"}}, {"model": "auth.permission", "pk": 11, "fields": {"name": "Can change group", "content_type": 4, "codename": "change_group"}}, {"model": "auth.permission", "pk": 12, "fields": {"name": "Can delete group", "content_type": 4, "codename": "delete_group"}}, {"model": "auth.permission", "pk": 13, "fields": {"name": "Can add user", "content_type": 5, "codename": "add_user"}}, {"model": "auth.permission", "pk": 14, "fields": {"name": "Can change user", "content_type": 5, "codename": "change_user"}}, {"model": "auth.permission", "pk": 15, "fields": {"name": "Can delete user", "content_type": 5, "codename": "delete_user"}}, {"model": "auth.permission", "pk": 16, "fields": {"name": "Can add content type", "content_type": 6, "codename": "add_contenttype"}}, {"model": "auth.permission", "pk": 17, "fields": {"name": "Can change content type", "content_type": 6, "codename": "change_contenttype"}}, {"model": "auth.permission", "pk": 18, "fields": {"name": "Can delete content type", "content_type": 6, "codename": "delete_contenttype"}}, {"model": "auth.permission", "pk": 19, "fields": {"name": "Can add session", "content_type": 7, "codename": "add_session"}}, {"model": "auth.permission", "pk": 20, "fields": {"name": "Can change session", "content_type": 7, "codename": "change_session"}}, {"model": "auth.permission", "pk": 21, "fields": {"name": "Can delete session", "content_type": 7, "codename": "delete_session"}}, {"model": "auth.permission", "pk": 22, "fields": {"name": "Can add pessoa", "content_type": 8, "codename": "add_pessoa"}}, {"model": "auth.permission", "pk": 23, "fields": {"name": "Can change pessoa", "content_type": 8, "codename": "change_pessoa"}}, {"model": "auth.permission", "pk": 24, "fields": {"name": "Can delete pessoa", "content_type": 8, "codename": "delete_pessoa"}}, {"model": "auth.permission", "pk": 25, "fields": {"name": "Can add Contratado", "content_type": 9, "codename": "add_contratado"}}, {"model": "auth.permission", "pk": 26, "fields": {"name": "Can change Contratado", "content_type": 9, "codename": "change_contratado"}}, {"model": "auth.permission", "pk": 27, "fields": {"name": "Can delete Contratado", "content_type": 9, "codename": "delete_contratado"}}, {"model": "auth.permission", "pk": 28, "fields": {"name": "Can add Pessoa Resumo", "content_type": 8, "codename": "add_pessoaresumo"}}, {"model": "auth.permission", "pk": 29, "fields": {"name": "Can change Pessoa Resumo", "content_type": 8, "codename": "change_pessoaresumo"}}, {"model": "auth.permission", "pk": 30, "fields": {"name": "Can delete Pessoa Resumo", "content_type": 8, "codename": "delete_pessoaresumo"}}, {"model": "auth.permission", "pk": 31, "fields": {"name": "Can add Empregador", "content_type": 11, "codename": "add_empregador"}}, {"model": "auth.permission", "pk": 32, "fields": {"name": "Can change Empregador", "content_type": 11, "codename": "change_empregador"}}, {"model": "auth.permission", "pk": 33, "fields": {"name": "Can delete Empregador", "content_type": 11, "codename": "delete_empregador"}}, {"model": "auth.permission", "pk": 34, "fields": {"name": "Can add estabelecimento", "content_type": 12, "codename": "add_estabelecimento"}}, {"model": "auth.permission", "pk": 35, "fields": {"name": "Can change estabelecimento", "content_type": 12, "codename": "change_estabelecimento"}}, {"model": "auth.permission", "pk": 36, "fields": {"name": "Can delete estabelecimento", "content_type": 12, "codename": "delete_estabelecimento"}}, {"model": "auth.permission", "pk": 37, "fields": {"name": "Can add funcao", "content_type": 13, "codename": "add_funcao"}}, {"model": "auth.permission", "pk": 38, "fields": {"name": "Can change funcao", "content_type": 13, "codename": "change_funcao"}}, {"model": "auth.permission", "pk": 39, "fields": {"name": "Can delete funcao", "content_type": 13, "codename": "delete_funcao"}}, {"model": "auth.permission", "pk": 40, "fields": {"name": "Can add lotacao", "content_type": 14, "codename": "add_lotacao"}}, {"model": "auth.permission", "pk": 41, "fields": {"name": "Can change lotacao", "content_type": 14, "codename": "change_lotacao"}}, {"model": "auth.permission", "pk": 42, "fields": {"name": "Can delete lotacao", "content_type": 14, "codename": "delete_lotacao"}}, {"model": "auth.permission", "pk": 43, "fields": {"name": "Can add sindicato", "content_type": 15, "codename": "add_sindicato"}}, {"model": "auth.permission", "pk": 44, "fields": {"name": "Can change sindicato", "content_type": 15, "codename": "change_sindicato"}}, {"model": "auth.permission", "pk": 45, "fields": {"name": "Can delete sindicato", "content_type": 15, "codename": "delete_sindicato"}}, {"model": "auth.permission", "pk": 46, "fields": {"name": "Can add tomador servico", "content_type": 16, "codename": "add_tomadorservico"}}, {"model": "auth.permission", "pk": 47, "fields": {"name": "Can change tomador servico", "content_type": 16, "codename": "change_tomadorservico"}}, {"model": "auth.permission", "pk": 48, "fields": {"name": "Can delete tomador servico", "content_type": 16, "codename": "delete_tomadorservico"}}, {"model": "auth.permission", "pk": 49, "fields": {"name": "Can add turno", "content_type": 17, "codename": "add_turno"}}, {"model": "auth.permission", "pk": 50, "fields": {"name": "Can change turno", "content_type": 17, "codename": "change_turno"}}, {"model": "auth.permission", "pk": 51, "fields": {"name": "Can delete turno", "content_type": 17, "codename": "delete_turno"}}, {"model": "auth.permission", "pk": 52, "fields": {"name": "Can add Dispositivo", "content_type": 18, "codename": "add_dispositivo"}}, {"model": "auth.permission", "pk": 53, "fields": {"name": "Can change Dispositivo", "content_type": 18, "codename": "change_dispositivo"}}, {"model": "auth.permission", "pk": 54, "fields": {"name": "Can delete Dispositivo", "content_type": 18, "codename": "delete_dispositivo"}}, {"model": "auth.permission", "pk": 55, "fields": {"name": "Can add Cliente", "content_type": 19, "codename": "add_cliente"}}, {"model": "auth.permission", "pk": 56, "fields": {"name": "Can change Cliente", "content_type": 19, "codename": "change_cliente"}}, {"model": "auth.permission", "pk": 57, "fields": {"name": "Can delete Cliente", "content_type": 19, "codename": "delete_cliente"}}, {"model": "auth.permission", "pk": 58, "fields": {"name": "Can add historical Ordem de Servi\u00e7o", "content_type": 20, "codename": "add_historicalordemservico"}}, {"model": "auth.permission", "pk": 59, "fields": {"name": "Can change historical Ordem de Servi\u00e7o", "content_type": 20, "codename": "change_historicalordemservico"}}, {"model": "auth.permission", "pk": 60, "fields": {"name": "Can delete historical Ordem de Servi\u00e7o", "content_type": 20, "codename": "delete_historicalordemservico"}}, {"model": "auth.permission", "pk": 61, "fields": {"name": "Can add Ordem de Servi\u00e7o", "content_type": 21, "codename": "add_ordemservico"}}, {"model": "auth.permission", "pk": 62, "fields": {"name": "Can change Ordem de Servi\u00e7o", "content_type": 21, "codename": "change_ordemservico"}}, {"model": "auth.permission", "pk": 63, "fields": {"name": "Can delete Ordem de Servi\u00e7o", "content_type": 21, "codename": "delete_ordemservico"}}, {"model": "auth.user", "pk": 1, "fields": {"password": "pbkdf2_sha256$100000$MZawt1BDdCDF$5ZtxTNjfMBsJXWyeu9qq/9B1GW7euFcZMcUc+httaVY=", "last_login": "2018-08-03T13:28:01.495Z", "is_superuser": true, "username": "hanielsf", "first_name": "Haniel", "last_name": "Silva", "email": "", "is_staff": true, "is_active": true, "date_joined": "2018-07-16T23:27:47Z", "groups": [], "user_permissions": []}}, {"model": "auth.user", "pk": 2, "fields": {"password": "pbkdf2_sha256$100000$hmGSlTPRo6ek$eM6ya4JXsjxLg8ywDabIsUVduJ6TI75gubnYIvqaPa4=", "last_login": "2018-08-03T18:54:44.200Z", "is_superuser": false, "username": "ramon", "first_name": "Ramon", "last_name": "Vieira", "email": "ramonlands@gmail.com", "is_staff": false, "is_active": true, "date_joined": "2018-07-20T13:08:04Z", "groups": [], "user_permissions": [55, 56, 57, 22, 28, 23, 29, 24, 30, 52, 53, 54, 58, 59, 60, 61, 62, 63]}}, {"model": "servicos.historicalordemservico", "pk": 1, "fields": {"os_id": 1, "created_at": "2018-07-16T23:45:17.551Z", "updated_at": "2018-07-16T23:45:17.551Z", "acessorios": "1,2", "tipo_servico": "2", "descricao": "Teste 01", "status": "1", "orcamento_currency": "BRL", "orcamento": "123.00", "hospedagem": null, "cliente": 1, "dispositivos": 1, "history_change_reason": null, "history_date": "2018-07-16T23:45:17.566Z", "history_user": 1, "history_type": "+"}}, {"model": "servicos.historicalordemservico", "pk": 2, "fields": {"os_id": 1, "created_at": "2018-07-16T23:45:17.551Z", "updated_at": "2018-07-16T23:55:20.119Z", "acessorios": "1,2,4,5", "tipo_servico": "2", "descricao": "Teste 01dd", "status": "1", "orcamento_currency": "BRL", "orcamento": "123.00", "hospedagem": null, "cliente": 1, "dispositivos": 1, "history_change_reason": null, "history_date": "2018-07-16T23:55:20.133Z", "history_user": 1, "history_type": "~"}}, {"model": "servicos.historicalordemservico", "pk": 3, "fields": {"os_id": 1, "created_at": "2018-07-16T23:45:17.551Z", "updated_at": "2018-07-17T12:00:31.268Z", "acessorios": "1,2,4,5", "tipo_servico": "2", "descricao": "Teste 01dd", "status": "1", "orcamento_currency": "BRL", "orcamento": "123.00", "hospedagem": null, "cliente": 1, "dispositivos": 1, "history_change_reason": null, "history_date": "2018-07-17T12:00:31.283Z", "history_user": 1, "history_type": "~"}}, {"model": "servicos.historicalordemservico", "pk": 4, "fields": {"os_id": 2, "created_at": "2018-07-17T12:02:19.960Z", "updated_at": "2018-07-17T12:02:19.960Z", "acessorios": "1,2,4,6", "tipo_servico": "1", "descricao": "cxvcxvc", "status": "1", "orcamento_currency": "BRL", "orcamento": "32.00", "hospedagem": null, "cliente": 1, "dispositivos": 1, "history_change_reason": null, "history_date": "2018-07-17T12:02:19.975Z", "history_user": 1, "history_type": "+"}}, {"model": "servicos.historicalordemservico", "pk": 5, "fields": {"os_id": 3, "created_at": "2018-07-17T12:03:42.960Z", "updated_at": "2018-07-17T12:03:42.960Z", "acessorios": "1,2,4,6", "tipo_servico": "1", "descricao": "sfdsfds", "status": "1", "orcamento_currency": "BRL", "orcamento": "32.00", "hospedagem": null, "cliente": 2, "dispositivos": 2, "history_change_reason": null, "history_date": "2018-07-17T12:03:42.975Z", "history_user": 1, "history_type": "+"}}, {"model": "servicos.historicalordemservico", "pk": 6, "fields": {"os_id": 3, "created_at": "2018-07-17T12:03:42.960Z", "updated_at": "2018-07-17T12:09:06.562Z", "acessorios": "1,2,4,6", "tipo_servico": "1", "descricao": "sfdsfds", "status": "1", "orcamento_currency": "BRL", "orcamento": "32.00", "hospedagem": null, "cliente": 2, "dispositivos": 2, "history_change_reason": null, "history_date": "2018-07-17T12:09:06.577Z", "history_user": 1, "history_type": "~"}}, {"model": "servicos.historicalordemservico", "pk": 7, "fields": {"os_id": 1, "created_at": "2018-07-16T23:45:17.551Z", "updated_at": "2018-07-17T12:14:14.352Z", "acessorios": "1,2,4,5", "tipo_servico": "2", "descricao": "Teste 01dd", "status": "1", "orcamento_currency": "BRL", "orcamento": "123.00", "hospedagem": null, "cliente": 1, "dispositivos": 1, "history_change_reason": null, "history_date": "2018-07-17T12:14:14.368Z", "history_user": 1, "history_type": "~"}}, {"model": "servicos.historicalordemservico", "pk": 8, "fields": {"os_id": 1, "created_at": "2018-07-16T23:45:17.551Z", "updated_at": "2018-07-17T12:14:26.172Z", "acessorios": "1,2,4,5", "tipo_servico": "2", "descricao": "Teste 01dddfdfdfdf", "status": "1", "orcamento_currency": "BRL", "orcamento": "123.00", "hospedagem": null, "cliente": 1, "dispositivos": 1, "history_change_reason": null, "history_date": "2018-07-17T12:14:26.187Z", "history_user": 1, "history_type": "~"}}, {"model": "servicos.historicalordemservico", "pk": 9, "fields": {"os_id": 1, "created_at": "2018-07-16T23:45:17.551Z", "updated_at": "2018-07-17T12:14:39.608Z", "acessorios": "1,2,4,5", "tipo_servico": "2", "descricao": "Teste 01dddfdfdfdf", "status": "3", "orcamento_currency": "BRL", "orcamento": "123.00", "hospedagem": null, "cliente": 1, "dispositivos": 1, "history_change_reason": null, "history_date": "2018-07-17T12:14:39.622Z", "history_user": 1, "history_type": "~"}}, {"model": "servicos.historicalordemservico", "pk": 10, "fields": {"os_id": 1, "created_at": "2018-07-16T23:45:17.551Z", "updated_at": "2018-07-17T12:15:03.981Z", "acessorios": "1,2,4,5", "tipo_servico": "3", "descricao": "Teste 01dddfdfdfdf", "status": "3", "orcamento_currency": "BRL", "orcamento": "123.00", "hospedagem": null, "cliente": 1, "dispositivos": 1, "history_change_reason": null, "history_date": "2018-07-17T12:15:03.997Z", "history_user": 1, "history_type": "~"}}, {"model": "servicos.historicalordemservico", "pk": 11, "fields": {"os_id": 1, "created_at": "2018-07-16T23:45:17.551Z", "updated_at": "2018-07-17T12:15:22.292Z", "acessorios": "1,2,4,5", "tipo_servico": "3", "descricao": "Teste 01dddfdfdfdf", "status": "3", "orcamento_currency": "BRL", "orcamento": "124.00", "hospedagem": null, "cliente": 1, "dispositivos": 1, "history_change_reason": null, "history_date": "2018-07-17T12:15:22.307Z", "history_user": 1, "history_type": "~"}}, {"model": "servicos.historicalordemservico", "pk": 12, "fields": {"os_id": 1, "created_at": "2018-07-16T23:45:17.551Z", "updated_at": "2018-07-17T12:18:53.367Z", "acessorios": "1,2,4,5", "tipo_servico": "3", "descricao": "Teste 01dddfdfdfdfdfdfdfd", "status": "3", "orcamento_currency": "BRL", "orcamento": "124.00", "hospedagem": null, "cliente": 1, "dispositivos": 1, "history_change_reason": null, "history_date": "2018-07-17T12:18:53.380Z", "history_user": 1, "history_type": "~"}}, {"model": "servicos.historicalordemservico", "pk": 13, "fields": {"os_id": 1, "created_at": "2018-07-16T23:45:17.551Z", "updated_at": "2018-07-17T12:19:08.393Z", "acessorios": "1,2,4,5", "tipo_servico": "3", "descricao": "Teste 01dddfdfdfdfdfdfdfd", "status": "3", "orcamento_currency": "BRL", "orcamento": "132.00", "hospedagem": null, "cliente": 1, "dispositivos": 1, "history_change_reason": null, "history_date": "2018-07-17T12:19:08.407Z", "history_user": 1, "history_type": "~"}}, {"model": "servicos.historicalordemservico", "pk": 14, "fields": {"os_id": 1, "created_at": "2018-07-16T23:45:17.551Z", "updated_at": "2018-07-17T12:40:42.402Z", "acessorios": "1,2,4,5", "tipo_servico": "3", "descricao": "Teste 01dddfdfdfdfdfdfdfddsfdsfdfd", "status": "3", "orcamento_currency": "BRL", "orcamento": "132.00", "hospedagem": null, "cliente": 1, "dispositivos": 1, "history_change_reason": null, "history_date": "2018-07-17T12:40:42.419Z", "history_user": 1, "history_type": "~"}}, {"model": "servicos.historicalordemservico", "pk": 15, "fields": {"os_id": 1, "created_at": "2018-07-16T23:45:17.551Z", "updated_at": "2018-07-17T12:59:39.095Z", "acessorios": "1,2,4,5", "tipo_servico": "3", "descricao": "Teste 01dddfdfdfdfdfdfdfddsfdsfdfdhjhjhjhjh", "status": "3", "orcamento_currency": "BRL", "orcamento": "132.00", "hospedagem": null, "cliente": 1, "dispositivos": 1, "history_change_reason": null, "history_date": "2018-07-17T12:59:39.114Z", "history_user": 1, "history_type": "~"}}, {"model": "servicos.historicalordemservico", "pk": 16, "fields": {"os_id": 1, "created_at": "2018-07-16T23:45:17.551Z", "updated_at": "2018-07-17T13:15:15.086Z", "acessorios": "1,2,4,5", "tipo_servico": "3", "descricao": "Teste 01dddfdfdfdfdfdfdfddsfdsfdfdhjhjhjhjhdfdfd", "status": "3", "orcamento_currency": "BRL", "orcamento": "132.00", "hospedagem": null, "cliente": 1, "dispositivos": 1, "history_change_reason": null, "history_date": "2018-07-17T13:15:15.102Z", "history_user": 1, "history_type": "~"}}, {"model": "servicos.historicalordemservico", "pk": 17, "fields": {"os_id": 1, "created_at": "2018-07-16T23:45:17.551Z", "updated_at": "2018-07-17T13:26:09.647Z", "acessorios": "1,2,4,5", "tipo_servico": "3", "descricao": "Teste 01dddfdfdfdfdfdfdfddsfdsfdfdhjhjhjhjhdfdfdvcvxcvx", "status": "3", "orcamento_currency": "BRL", "orcamento": "132.00", "hospedagem": null, "cliente": 1, "dispositivos": 1, "history_change_reason": null, "history_date": "2018-07-17T13:26:09.673Z", "history_user": 1, "history_type": "~"}}, {"model": "servicos.historicalordemservico", "pk": 18, "fields": {"os_id": 4, "created_at": "2018-07-17T22:06:35.311Z", "updated_at": "2018-07-17T22:06:35.311Z", "acessorios": "1,2", "tipo_servico": "3", "descricao": "Teste PDF 001", "status": "1", "orcamento_currency": "BRL", "orcamento": "32.00", "hospedagem": null, "cliente": 2, "dispositivos": 2, "history_change_reason": null, "history_date": "2018-07-17T22:06:35.324Z", "history_user": 1, "history_type": "+"}}, {"model": "servicos.historicalordemservico", "pk": 19, "fields": {"os_id": 5, "created_at": "2018-07-17T22:09:23.400Z", "updated_at": "2018-07-17T22:09:23.400Z", "acessorios": "3,4", "tipo_servico": "7", "descricao": "Teste PDF02", "status": "1", "orcamento_currency": "BRL", "orcamento": "36.00", "hospedagem": null, "cliente": 1, "dispositivos": 1, "history_change_reason": null, "history_date": "2018-07-17T22:09:23.411Z", "history_user": 1, "history_type": "+"}}, {"model": "servicos.historicalordemservico", "pk": 20, "fields": {"os_id": 6, "created_at": "2018-07-17T22:39:00.740Z", "updated_at": "2018-07-17T22:39:00.740Z", "acessorios": "2,3,4", "tipo_servico": "7", "descricao": "Teste PDF03", "status": "1", "orcamento_currency": "BRL", "orcamento": "45.00", "hospedagem": null, "cliente": 2, "dispositivos": 2, "history_change_reason": null, "history_date": "2018-07-17T22:39:00.753Z", "history_user": 1, "history_type": "+"}}, {"model": "servicos.historicalordemservico", "pk": 21, "fields": {"os_id": 7, "created_at": "2018-07-17T22:49:29.939Z", "updated_at": "2018-07-17T22:49:29.939Z", "acessorios": "2,3,4", "tipo_servico": "9", "descricao": "Teste PDF 06", "status": "1", "orcamento_currency": "BRL", "orcamento": "78.00", "hospedagem": null, "cliente": 1, "dispositivos": 1, "history_change_reason": null, "history_date": "2018-07-17T22:49:29.950Z", "history_user": 1, "history_type": "+"}}, {"model": "servicos.historicalordemservico", "pk": 22, "fields": {"os_id": 8, "created_at": "2018-07-18T01:51:30.666Z", "updated_at": "2018-07-18T01:51:30.666Z", "acessorios": "2,6", "tipo_servico": "7", "descricao": "Teste PDF 7", "status": "1", "orcamento_currency": "BRL", "orcamento": "100.00", "hospedagem": null, "cliente": 2, "dispositivos": 2, "history_change_reason": null, "history_date": "2018-07-18T01:51:30.691Z", "history_user": 1, "history_type": "+"}}, {"model": "servicos.historicalordemservico", "pk": 23, "fields": {"os_id": 9, "created_at": "2018-07-18T01:54:55.812Z", "updated_at": "2018-07-18T01:54:55.812Z", "acessorios": "1,2,4", "tipo_servico": "3", "descricao": "hk", "status": "1", "orcamento_currency": "BRL", "orcamento": "21.00", "hospedagem": null, "cliente": 1, "dispositivos": 1, "history_change_reason": null, "history_date": "2018-07-18T01:54:55.824Z", "history_user": 1, "history_type": "+"}}, {"model": "servicos.historicalordemservico", "pk": 24, "fields": {"os_id": 10, "created_at": "2018-07-18T02:05:02.034Z", "updated_at": "2018-07-18T02:05:02.034Z", "acessorios": "1,2", "tipo_servico": "4", "descricao": "jjjj", "status": "1", "orcamento_currency": "BRL", "orcamento": "14.00", "hospedagem": null, "cliente": 2, "dispositivos": 2, "history_change_reason": null, "history_date": "2018-07-18T02:05:02.044Z", "history_user": 1, "history_type": "+"}}, {"model": "servicos.historicalordemservico", "pk": 25, "fields": {"os_id": 11, "created_at": "2018-07-18T02:06:01.184Z", "updated_at": "2018-07-18T02:06:01.184Z", "acessorios": "1,2,3,4", "tipo_servico": "1", "descricao": "hgjgj", "status": "1", "orcamento_currency": "BRL", "orcamento": "200.00", "hospedagem": null, "cliente": 2, "dispositivos": 2, "history_change_reason": null, "history_date": "2018-07-18T02:06:01.197Z", "history_user": 1, "history_type": "+"}}, {"model": "servicos.historicalordemservico", "pk": 26, "fields": {"os_id": 12, "created_at": "2018-07-18T02:10:56.271Z", "updated_at": "2018-07-18T02:10:56.271Z", "acessorios": "1", "tipo_servico": "2", "descricao": "Teste Impressao PDF", "status": "1", "orcamento_currency": "BRL", "orcamento": "20.00", "hospedagem": null, "cliente": 2, "dispositivos": 2, "history_change_reason": null, "history_date": "2018-07-18T02:10:56.281Z", "history_user": 1, "history_type": "+"}}, {"model": "servicos.historicalordemservico", "pk": 27, "fields": {"os_id": 13, "created_at": "2018-07-18T02:12:07.063Z", "updated_at": "2018-07-18T02:12:07.063Z", "acessorios": "3,4", "tipo_servico": "3", "descricao": "Teste", "status": "1", "orcamento_currency": "BRL", "orcamento": "30.00", "hospedagem": null, "cliente": 2, "dispositivos": 2, "history_change_reason": null, "history_date": "2018-07-18T02:12:07.074Z", "history_user": 1, "history_type": "+"}}, {"model": "servicos.historicalordemservico", "pk": 28, "fields": {"os_id": 14, "created_at": "2018-07-18T02:18:14.195Z", "updated_at": "2018-07-18T02:18:14.196Z", "acessorios": "4", "tipo_servico": "9", "descricao": "Teste 20", "status": "1", "orcamento_currency": "BRL", "orcamento": "32.00", "hospedagem": null, "cliente": 1, "dispositivos": 1, "history_change_reason": null, "history_date": "2018-07-18T02:18:14.208Z", "history_user": 1, "history_type": "+"}}, {"model": "servicos.historicalordemservico", "pk": 29, "fields": {"os_id": 15, "created_at": "2018-07-18T02:23:18.186Z", "updated_at": "2018-07-18T02:23:18.186Z", "acessorios": "3", "tipo_servico": "7", "descricao": "Teste21", "status": "1", "orcamento_currency": "BRL", "orcamento": "40.00", "hospedagem": null, "cliente": 2, "dispositivos": 2, "history_change_reason": null, "history_date": "2018-07-18T02:23:18.197Z", "history_user": 1, "history_type": "+"}}, {"model": "servicos.historicalordemservico", "pk": 30, "fields": {"os_id": 16, "created_at": "2018-07-18T02:25:33.009Z", "updated_at": "2018-07-18T02:25:33.009Z", "acessorios": "3", "tipo_servico": "5", "descricao": "Teste22", "status": "1", "orcamento_currency": "BRL", "orcamento": "78.00", "hospedagem": null, "cliente": 2, "dispositivos": 2, "history_change_reason": null, "history_date": "2018-07-18T02:25:33.020Z", "history_user": 1, "history_type": "+"}}, {"model": "servicos.historicalordemservico", "pk": 31, "fields": {"os_id": 17, "created_at": "2018-07-18T02:33:32.322Z", "updated_at": "2018-07-18T02:33:32.322Z", "acessorios": "4", "tipo_servico": "6", "descricao": "Teste23", "status": "1", "orcamento_currency": "BRL", "orcamento": "32.00", "hospedagem": null, "cliente": 2, "dispositivos": 2, "history_change_reason": null, "history_date": "2018-07-18T02:33:32.333Z", "history_user": 1, "history_type": "+"}}, {"model": "servicos.historicalordemservico", "pk": 32, "fields": {"os_id": 18, "created_at": "2018-07-18T02:34:44.003Z", "updated_at": "2018-07-18T02:34:44.003Z", "acessorios": "4", "tipo_servico": "9", "descricao": "Teste 24", "status": "1", "orcamento_currency": "BRL", "orcamento": "105.00", "hospedagem": null, "cliente": 2, "dispositivos": 2, "history_change_reason": null, "history_date": "2018-07-18T02:34:44.017Z", "history_user": 1, "history_type": "+"}}, {"model": "servicos.historicalordemservico", "pk": 33, "fields": {"os_id": 19, "created_at": "2018-07-18T03:12:04.021Z", "updated_at": "2018-07-18T03:12:04.021Z", "acessorios": "2", "tipo_servico": "1", "descricao": "Tsete 35", "status": "1", "orcamento_currency": "BRL", "orcamento": "100.00", "hospedagem": null, "cliente": 2, "dispositivos": 2, "history_change_reason": null, "history_date": "2018-07-18T03:12:04.034Z", "history_user": 1, "history_type": "+"}}, {"model": "servicos.historicalordemservico", "pk": 34, "fields": {"os_id": 20, "created_at": "2018-07-18T12:31:44.762Z", "updated_at": "2018-07-18T12:31:44.762Z", "acessorios": "1", "tipo_servico": "1", "descricao": "teste", "status": "1", "orcamento_currency": "BRL", "orcamento": "55.00", "hospedagem": null, "cliente": 2, "dispositivos": 2, "history_change_reason": null, "history_date": "2018-07-18T12:31:44.776Z", "history_user": 1, "history_type": "+"}}, {"model": "servicos.historicalordemservico", "pk": 35, "fields": {"os_id": 21, "created_at": "2018-07-18T12:33:25.426Z", "updated_at": "2018-07-18T12:33:25.426Z", "acessorios": "1", "tipo_servico": "1", "descricao": "Teste ok.", "status": "1", "orcamento_currency": "BRL", "orcamento": "56.00", "hospedagem": null, "cliente": 2, "dispositivos": 2, "history_change_reason": null, "history_date": "2018-07-18T12:33:25.441Z", "history_user": 1, "history_type": "+"}}, {"model": "servicos.historicalordemservico", "pk": 36, "fields": {"os_id": 22, "created_at": "2018-07-18T12:35:48.043Z", "updated_at": "2018-07-18T12:35:48.043Z", "acessorios": "2,4", "tipo_servico": "1", "descricao": "teste 41", "status": "1", "orcamento_currency": "BRL", "orcamento": "49.00", "hospedagem": null, "cliente": 2, "dispositivos": 2, "history_change_reason": null, "history_date": "2018-07-18T12:35:48.057Z", "history_user": 1, "history_type": "+"}}, {"model": "servicos.historicalordemservico", "pk": 37, "fields": {"os_id": 23, "created_at": "2018-07-18T12:37:53.221Z", "updated_at": "2018-07-18T12:37:53.221Z", "acessorios": "3", "tipo_servico": "1", "descricao": "Teste 5", "status": "1", "orcamento_currency": "BRL", "orcamento": "47.00", "hospedagem": null, "cliente": 2, "dispositivos": 2, "history_change_reason": null, "history_date": "2018-07-18T12:37:53.247Z", "history_user": 1, "history_type": "+"}}, {"model": "servicos.historicalordemservico", "pk": 38, "fields": {"os_id": 24, "created_at": "2018-07-18T12:48:43.316Z", "updated_at": "2018-07-18T12:48:43.316Z", "acessorios": "4", "tipo_servico": "9", "descricao": "Teste", "status": "1", "orcamento_currency": "BRL", "orcamento": "78.00", "hospedagem": null, "cliente": 2, "dispositivos": 2, "history_change_reason": null, "history_date": "2018-07-18T12:48:43.340Z", "history_user": 1, "history_type": "+"}}, {"model": "servicos.historicalordemservico", "pk": 39, "fields": {"os_id": 25, "created_at": "2018-07-18T12:49:53.877Z", "updated_at": "2018-07-18T12:49:53.877Z", "acessorios": "3", "tipo_servico": "9", "descricao": "teste", "status": "1", "orcamento_currency": "BRL", "orcamento": "98.00", "hospedagem": null, "cliente": 2, "dispositivos": 2, "history_change_reason": null, "history_date": "2018-07-18T12:49:53.892Z", "history_user": 1, "history_type": "+"}}, {"model": "servicos.historicalordemservico", "pk": 40, "fields": {"os_id": 26, "created_at": "2018-07-18T12:51:26.216Z", "updated_at": "2018-07-18T12:51:26.216Z", "acessorios": "6", "tipo_servico": "8", "descricao": "Teste", "status": "1", "orcamento_currency": "BRL", "orcamento": "12.00", "hospedagem": null, "cliente": 1, "dispositivos": 1, "history_change_reason": null, "history_date": "2018-07-18T12:51:26.232Z", "history_user": 1, "history_type": "+"}}, {"model": "servicos.historicalordemservico", "pk": 41, "fields": {"os_id": 27, "created_at": "2018-07-18T13:03:31.071Z", "updated_at": "2018-07-18T13:03:31.071Z", "acessorios": "2", "tipo_servico": "1", "descricao": "TEste", "status": "1", "orcamento_currency": "BRL", "orcamento": "45.00", "hospedagem": null, "cliente": 2, "dispositivos": 2, "history_change_reason": null, "history_date": "2018-07-18T13:03:31.083Z", "history_user": 1, "history_type": "+"}}, {"model": "servicos.historicalordemservico", "pk": 42, "fields": {"os_id": 28, "created_at": "2018-07-18T13:04:39.263Z", "updated_at": "2018-07-18T13:04:39.264Z", "acessorios": "1", "tipo_servico": "1", "descricao": "Teste", "status": "1", "orcamento_currency": "BRL", "orcamento": "45.00", "hospedagem": null, "cliente": 2, "dispositivos": 2, "history_change_reason": null, "history_date": "2018-07-18T13:04:39.278Z", "history_user": 1, "history_type": "+"}}, {"model": "servicos.historicalordemservico", "pk": 43, "fields": {"os_id": 29, "created_at": "2018-07-19T19:09:48.880Z", "updated_at": "2018-07-19T19:09:48.880Z", "acessorios": "", "tipo_servico": "9", "descricao": "", "status": "1", "orcamento_currency": "BRL", "orcamento": "60.00", "hospedagem": null, "cliente": 3, "dispositivos": 3, "history_change_reason": null, "history_date": "2018-07-19T19:09:48.882Z", "history_user": 1, "history_type": "+"}}, {"model": "servicos.historicalordemservico", "pk": 44, "fields": {"os_id": 30, "created_at": "2018-07-19T22:27:53.193Z", "updated_at": "2018-07-19T22:27:53.193Z", "acessorios": "1", "tipo_servico": "6", "descricao": "Teste", "status": "1", "orcamento_currency": "BRL", "orcamento": "26.00", "hospedagem": null, "cliente": 1, "dispositivos": 1, "history_change_reason": null, "history_date": "2018-07-19T22:27:53.206Z", "history_user": 1, "history_type": "+"}}, {"model": "servicos.historicalordemservico", "pk": 45, "fields": {"os_id": 31, "created_at": "2018-07-19T22:33:17.986Z", "updated_at": "2018-07-19T22:33:17.986Z", "acessorios": "", "tipo_servico": "4", "descricao": "Tetes", "status": "1", "orcamento_currency": "BRL", "orcamento": "22.00", "hospedagem": null, "cliente": 1, "dispositivos": 1, "history_change_reason": null, "history_date": "2018-07-19T22:33:17.998Z", "history_user": 1, "history_type": "+"}}, {"model": "servicos.historicalordemservico", "pk": 46, "fields": {"os_id": 32, "created_at": "2018-07-20T12:23:09.976Z", "updated_at": "2018-07-20T12:23:09.976Z", "acessorios": "", "tipo_servico": "2", "descricao": "Troca touch", "status": "1", "orcamento_currency": "BRL", "orcamento": "100.00", "hospedagem": null, "cliente": 4, "dispositivos": 4, "history_change_reason": null, "history_date": "2018-07-20T12:23:09.978Z", "history_user": 1, "history_type": "+"}}, {"model": "servicos.historicalordemservico", "pk": 47, "fields": {"os_id": 33, "created_at": "2018-07-20T12:26:24.356Z", "updated_at": "2018-07-20T12:26:24.356Z", "acessorios": "", "tipo_servico": "1", "descricao": "Or\u00e7amento repassar valor 993065654", "status": "1", "orcamento_currency": "BRL", "orcamento": "0.00", "hospedagem": null, "cliente": 4, "dispositivos": 5, "history_change_reason": null, "history_date": "2018-07-20T12:26:24.360Z", "history_user": 1, "history_type": "+"}}, {"model": "servicos.historicalordemservico", "pk": 48, "fields": {"os_id": 34, "created_at": "2018-07-20T12:40:45.600Z", "updated_at": "2018-07-20T12:40:45.600Z", "acessorios": "", "tipo_servico": "3", "descricao": "Celular desliga a tela e n acende", "status": "1", "orcamento_currency": "BRL", "orcamento": "0.00", "hospedagem": null, "cliente": 5, "dispositivos": 6, "history_change_reason": null, "history_date": "2018-07-20T12:40:45.604Z", "history_user": 1, "history_type": "+"}}, {"model": "servicos.historicalordemservico", "pk": 49, "fields": {"os_id": 34, "created_at": "2018-07-20T12:40:45.600Z", "updated_at": "2018-07-20T12:46:32.043Z", "acessorios": "", "tipo_servico": "16", "descricao": "Celular desliga a tela e n acende", "status": "1", "orcamento_currency": "BRL", "orcamento": "0.00", "hospedagem": null, "cliente": 5, "dispositivos": 6, "history_change_reason": null, "history_date": "2018-07-20T12:46:32.049Z", "history_user": 1, "history_type": "~"}}, {"model": "servicos.historicalordemservico", "pk": 50, "fields": {"os_id": 35, "created_at": "2018-07-20T12:51:50.461Z", "updated_at": "2018-07-20T12:51:50.461Z", "acessorios": "", "tipo_servico": "12", "descricao": "Ressoldagem mais substitui\u00e7\u00e3o de autofalante", "status": "1", "orcamento_currency": "BRL", "orcamento": "80.00", "hospedagem": null, "cliente": 6, "dispositivos": 7, "history_change_reason": null, "history_date": "2018-07-20T12:51:50.464Z", "history_user": 1, "history_type": "+"}}, {"model": "servicos.historicalordemservico", "pk": 51, "fields": {"os_id": 36, "created_at": "2018-07-20T14:46:08.411Z", "updated_at": "2018-07-20T14:46:08.411Z", "acessorios": "", "tipo_servico": "1", "descricao": "Troca de lcd completo ela vai passar cartao buscar hoje", "status": "1", "orcamento_currency": "BRL", "orcamento": "170.00", "hospedagem": "a-1", "cliente": 7, "dispositivos": 8, "history_change_reason": null, "history_date": "2018-07-20T14:46:08.415Z", "history_user": 1, "history_type": "+"}}, {"model": "servicos.historicalordemservico", "pk": 52, "fields": {"os_id": 37, "created_at": "2018-07-20T14:54:52.931Z", "updated_at": "2018-07-20T14:54:52.931Z", "acessorios": "", "tipo_servico": "15", "descricao": "Software para lojista.", "status": "1", "orcamento_currency": "BRL", "orcamento": "20.00", "hospedagem": "", "cliente": 8, "dispositivos": 9, "history_change_reason": null, "history_date": "2018-07-20T14:54:52.935Z", "history_user": 1, "history_type": "+"}}, {"model": "servicos.historicalordemservico", "pk": 53, "fields": {"os_id": 38, "created_at": "2018-07-20T15:06:29.211Z", "updated_at": "2018-07-20T15:06:29.211Z", "acessorios": "", "tipo_servico": "1", "descricao": "Troca de lcd completo entregar no ECLIPSE MOTEL", "status": "1", "orcamento_currency": "BRL", "orcamento": "280.00", "hospedagem": "a-2", "cliente": 9, "dispositivos": 10, "history_change_reason": null, "history_date": "2018-07-20T15:06:29.216Z", "history_user": 1, "history_type": "+"}}, {"model": "servicos.historicalordemservico", "pk": 54, "fields": {"os_id": 34, "created_at": "2018-07-20T12:40:45.600Z", "updated_at": "2018-07-20T18:02:11.214Z", "acessorios": "", "tipo_servico": "16", "descricao": "Celular desliga a tela e n acende", "status": "4", "orcamento_currency": "BRL", "orcamento": "0.00", "hospedagem": "", "cliente": 5, "dispositivos": 6, "history_change_reason": null, "history_date": "2018-07-20T18:02:11.219Z", "history_user": 1, "history_type": "~"}}, {"model": "servicos.historicalordemservico", "pk": 55, "fields": {"os_id": 34, "created_at": "2018-07-20T12:40:45.600Z", "updated_at": "2018-07-20T19:09:31.152Z", "acessorios": "", "tipo_servico": "16", "descricao": "Celular desliga a tela e n acende.\r\nCELULAR AINDA ESTA LENTO.\r\nProcessador est\ufffd com insufici\ufffdncia de carga.", "status": "8", "orcamento_currency": "BRL", "orcamento": "100.00", "hospedagem": "", "cliente": 5, "dispositivos": 6, "history_change_reason": null, "history_date": "2018-07-20T19:09:31.157Z", "history_user": 2, "history_type": "~"}}, {"model": "servicos.historicalordemservico", "pk": 56, "fields": {"os_id": 34, "created_at": "2018-07-20T12:40:45.600Z", "updated_at": "2018-07-20T19:10:35.063Z", "acessorios": "", "tipo_servico": "16", "descricao": "Celular desliga a tela e n acende.\r\nCELULAR AINDA ESTA LENTO.\r\nProcessador est&#65533; com insufici&#65533;ncia de carga.", "status": "8", "orcamento_currency": "BRL", "orcamento": "100.00", "hospedagem": "", "cliente": 5, "dispositivos": 6, "history_change_reason": null, "history_date": "2018-07-20T19:10:35.068Z", "history_user": 2, "history_type": "~"}}, {"model": "servicos.historicalordemservico", "pk": 57, "fields": {"os_id": 37, "created_at": "2018-07-20T14:54:52.931Z", "updated_at": "2018-07-20T19:14:27.863Z", "acessorios": "", "tipo_servico": "15", "descricao": "Software para lojista. Pago.", "status": "8", "orcamento_currency": "BRL", "orcamento": "20.00", "hospedagem": "", "cliente": 8, "dispositivos": 9, "history_change_reason": null, "history_date": "2018-07-20T19:14:27.867Z", "history_user": 1, "history_type": "~"}}, {"model": "servicos.historicalordemservico", "pk": 58, "fields": {"os_id": 35, "created_at": "2018-07-20T12:51:50.461Z", "updated_at": "2018-07-20T19:15:35.769Z", "acessorios": "", "tipo_servico": "12", "descricao": "Ressoldagem mais substitui\ufffd\ufffdo de autofalante\r\n(SUCESSO)", "status": "8", "orcamento_currency": "BRL", "orcamento": "80.00", "hospedagem": "", "cliente": 6, "dispositivos": 7, "history_change_reason": null, "history_date": "2018-07-20T19:15:35.773Z", "history_user": 2, "history_type": "~"}}, {"model": "servicos.historicalordemservico", "pk": 59, "fields": {"os_id": 39, "created_at": "2018-07-20T19:42:25.343Z", "updated_at": "2018-07-20T19:42:25.343Z", "acessorios": "", "tipo_servico": "14", "descricao": "", "status": "1", "orcamento_currency": "BRL", "orcamento": "20.00", "hospedagem": "", "cliente": 8, "dispositivos": 9, "history_change_reason": null, "history_date": "2018-07-20T19:42:25.347Z", "history_user": 1, "history_type": "+"}}, {"model": "servicos.historicalordemservico", "pk": 60, "fields": {"os_id": 36, "created_at": "2018-07-20T14:46:08.411Z", "updated_at": "2018-07-20T19:53:59.852Z", "acessorios": "", "tipo_servico": "1", "descricao": "Troca de lcd completo ela vai passar cartao buscar hoje.\r\nBATERIA um pouco inchada.", "status": "8", "orcamento_currency": "BRL", "orcamento": "170.00", "hospedagem": "", "cliente": 7, "dispositivos": 8, "history_change_reason": null, "history_date": "2018-07-20T19:53:59.857Z", "history_user": 2, "history_type": "~"}}, {"model": "servicos.historicalordemservico", "pk": 61, "fields": {"os_id": 32, "created_at": "2018-07-20T12:23:09.976Z", "updated_at": "2018-07-20T19:54:52.381Z", "acessorios": "", "tipo_servico": "2", "descricao": "Troca touch. SUCESSO", "status": "8", "orcamento_currency": "BRL", "orcamento": "100.00", "hospedagem": "", "cliente": 4, "dispositivos": 4, "history_change_reason": null, "history_date": "2018-07-20T19:54:52.385Z", "history_user": 2, "history_type": "~"}}, {"model": "servicos.historicalordemservico", "pk": 62, "fields": {"os_id": 30, "created_at": "2018-07-19T22:27:53.193Z", "updated_at": "2018-07-21T23:37:30.286Z", "acessorios": "", "tipo_servico": "6", "descricao": "Teste", "status": "1", "orcamento_currency": "BRL", "orcamento": "26.00", "hospedagem": "", "cliente": 1, "dispositivos": 1, "history_change_reason": null, "history_date": "2018-07-21T23:37:30.310Z", "history_user": 1, "history_type": "~"}}, {"model": "servicos.historicalordemservico", "pk": 63, "fields": {"os_id": 40, "created_at": "2018-07-23T11:47:27.181Z", "updated_at": "2018-07-23T11:47:27.181Z", "acessorios": "", "tipo_servico": "10", "descricao": "nao carrega resssoldar base de crga", "status": "1", "orcamento_currency": "BRL", "orcamento": "0.00", "hospedagem": "B-3", "cliente": 10, "dispositivos": 11, "history_change_reason": null, "history_date": "2018-07-23T11:47:27.183Z", "history_user": 1, "history_type": "+"}}, {"model": "servicos.historicalordemservico", "pk": 64, "fields": {"os_id": 41, "created_at": "2018-07-23T20:16:06.232Z", "updated_at": "2018-07-23T20:16:06.232Z", "acessorios": "", "tipo_servico": "14", "descricao": "Celular com loop infinito.", "status": "1", "orcamento_currency": "BRL", "orcamento": "80.00", "hospedagem": "B-2", "cliente": 11, "dispositivos": 12, "history_change_reason": null, "history_date": "2018-07-23T20:16:06.237Z", "history_user": 1, "history_type": "+"}}, {"model": "servicos.historicalordemservico", "pk": 65, "fields": {"os_id": 42, "created_at": "2018-07-24T12:56:22.501Z", "updated_at": "2018-07-24T12:56:22.501Z", "acessorios": "", "tipo_servico": "10", "descricao": "Troca resistor de temperatura. Celular molhou desoxidacao.\r\nLigar para confirmar. \r\nRISCO DE QUEBRAR A TELA", "status": "1", "orcamento_currency": "BRL", "orcamento": "150.00", "hospedagem": "B-4", "cliente": 12, "dispositivos": 13, "history_change_reason": null, "history_date": "2018-07-24T12:56:22.504Z", "history_user": 1, "history_type": "+"}}, {"model": "servicos.historicalordemservico", "pk": 66, "fields": {"os_id": 41, "created_at": "2018-07-23T20:16:06.232Z", "updated_at": "2018-07-24T13:42:10.847Z", "acessorios": "", "tipo_servico": "14", "descricao": "Celular com loop infinito.", "status": "8", "orcamento_currency": "BRL", "orcamento": "80.00", "hospedagem": "", "cliente": 11, "dispositivos": 12, "history_change_reason": null, "history_date": "2018-07-24T13:42:10.851Z", "history_user": 2, "history_type": "~"}}, {"model": "servicos.historicalordemservico", "pk": 67, "fields": {"os_id": 43, "created_at": "2018-07-24T19:12:07.163Z", "updated_at": "2018-07-24T19:12:07.163Z", "acessorios": "", "tipo_servico": "1", "descricao": "Troca de LCD EM 2X no cartao.\r\n confirmar com a juliana antes.", "status": "1", "orcamento_currency": "BRL", "orcamento": "400.00", "hospedagem": "D-3", "cliente": 13, "dispositivos": 14, "history_change_reason": null, "history_date": "2018-07-24T19:12:07.167Z", "history_user": 1, "history_type": "+"}}, {"model": "servicos.historicalordemservico", "pk": 68, "fields": {"os_id": 44, "created_at": "2018-07-25T12:30:40.793Z", "updated_at": "2018-07-25T12:30:40.793Z", "acessorios": "", "tipo_servico": "1", "descricao": "Display apresentando faltande cominucacao com o aparelho.\r\nFAZER ORCAMENTO.", "status": "1", "orcamento_currency": "BRL", "orcamento": "0.00", "hospedagem": "A-7", "cliente": 14, "dispositivos": 15, "history_change_reason": null, "history_date": "2018-07-25T12:30:40.795Z", "history_user": 1, "history_type": "+"}}, {"model": "servicos.historicalordemservico", "pk": 69, "fields": {"os_id": 45, "created_at": "2018-07-25T13:16:33.348Z", "updated_at": "2018-07-25T13:16:33.348Z", "acessorios": "", "tipo_servico": "2", "descricao": "Troca de touch e  colocar camera frontal.", "status": "1", "orcamento_currency": "BRL", "orcamento": "150.00", "hospedagem": "A-5", "cliente": 16, "dispositivos": 16, "history_change_reason": null, "history_date": "2018-07-25T13:16:33.351Z", "history_user": 1, "history_type": "+"}}, {"model": "servicos.historicalordemservico", "pk": 70, "fields": {"os_id": 46, "created_at": "2018-07-25T16:06:23.021Z", "updated_at": "2018-07-25T16:06:23.021Z", "acessorios": "1", "tipo_servico": "15", "descricao": "", "status": "1", "orcamento_currency": "BRL", "orcamento": "50.00", "hospedagem": "A-6", "cliente": 17, "dispositivos": 17, "history_change_reason": null, "history_date": "2018-07-25T16:06:23.024Z", "history_user": 1, "history_type": "+"}}, {"model": "servicos.historicalordemservico", "pk": 71, "fields": {"os_id": 46, "created_at": "2018-07-25T16:06:23.021Z", "updated_at": "2018-07-25T16:09:15.744Z", "acessorios": "", "tipo_servico": "15", "descricao": "", "status": "4", "orcamento_currency": "BRL", "orcamento": "50.00", "hospedagem": "", "cliente": 17, "dispositivos": 17, "history_change_reason": null, "history_date": "2018-07-25T16:09:15.748Z", "history_user": 1, "history_type": "~"}}, {"model": "servicos.historicalordemservico", "pk": 72, "fields": {"os_id": 47, "created_at": "2018-07-25T17:29:20.922Z", "updated_at": "2018-07-25T17:29:20.922Z", "acessorios": "", "tipo_servico": "14", "descricao": "", "status": "1", "orcamento_currency": "BRL", "orcamento": "100.00", "hospedagem": "A-7", "cliente": 18, "dispositivos": 18, "history_change_reason": null, "history_date": "2018-07-25T17:29:20.926Z", "history_user": 1, "history_type": "+"}}, {"model": "servicos.historicalordemservico", "pk": 73, "fields": {"os_id": 47, "created_at": "2018-07-25T17:29:20.922Z", "updated_at": "2018-07-25T17:31:17.299Z", "acessorios": "", "tipo_servico": "14", "descricao": "242812", "status": "1", "orcamento_currency": "BRL", "orcamento": "100.00", "hospedagem": "", "cliente": 18, "dispositivos": 18, "history_change_reason": null, "history_date": "2018-07-25T17:31:17.303Z", "history_user": 1, "history_type": "~"}}, {"model": "servicos.historicalordemservico", "pk": 74, "fields": {"os_id": 47, "created_at": "2018-07-25T17:29:20.922Z", "updated_at": "2018-07-25T17:31:27.760Z", "acessorios": "", "tipo_servico": "14", "descricao": "242812", "status": "4", "orcamento_currency": "BRL", "orcamento": "100.00", "hospedagem": "", "cliente": 18, "dispositivos": 18, "history_change_reason": null, "history_date": "2018-07-25T17:31:27.764Z", "history_user": 1, "history_type": "~"}}, {"model": "servicos.historicalordemservico", "pk": 75, "fields": {"os_id": 48, "created_at": "2018-07-25T17:38:18.052Z", "updated_at": "2018-07-25T17:38:18.052Z", "acessorios": "", "tipo_servico": "1", "descricao": "Reparo LCD ou troca de LCD.\r\nABERTURA DE APARELHO CUSTA R$30", "status": "1", "orcamento_currency": "BRL", "orcamento": "0.00", "hospedagem": "a-1", "cliente": 19, "dispositivos": 19, "history_change_reason": null, "history_date": "2018-07-25T17:38:18.055Z", "history_user": 1, "history_type": "+"}}, {"model": "servicos.historicalordemservico", "pk": 76, "fields": {"os_id": 46, "created_at": "2018-07-25T16:06:23.021Z", "updated_at": "2018-07-25T18:49:12.646Z", "acessorios": "", "tipo_servico": "15", "descricao": "N\ufffdo \ufffd poss\ufffdvel realizar o desbloqueio, pois \ufffd necess\ufffdrio uma comunica\ufffd\ufffdo USB. Mas todavia o tablet em quest\ufffdo est\ufffd com o conector USB defeituoso. Por se tratar de um conector j\ufffd ultrapassado n\ufffdo possu\ufffdmos pe\ufffda para reposi\ufffd\ufffdo.", "status": "6", "orcamento_currency": "BRL", "orcamento": "50.00", "hospedagem": "", "cliente": 17, "dispositivos": 17, "history_change_reason": null, "history_date": "2018-07-25T18:49:12.651Z", "history_user": 1, "history_type": "~"}}, {"model": "servicos.historicalordemservico", "pk": 77, "fields": {"os_id": 45, "created_at": "2018-07-25T13:16:33.348Z", "updated_at": "2018-07-25T19:11:17.985Z", "acessorios": "", "tipo_servico": "2", "descricao": "Troca de touch e  colocar camera frontal.", "status": "4", "orcamento_currency": "BRL", "orcamento": "150.00", "hospedagem": "", "cliente": 16, "dispositivos": 16, "history_change_reason": null, "history_date": "2018-07-25T19:11:17.988Z", "history_user": 1, "history_type": "~"}}, {"model": "servicos.historicalordemservico", "pk": 78, "fields": {"os_id": 49, "created_at": "2018-07-26T13:02:12.526Z", "updated_at": "2018-07-26T13:02:12.527Z", "acessorios": "", "tipo_servico": "1", "descricao": "RETORNO T\r\nFOI TROCADO A TELA E NAO LIGA", "status": "1", "orcamento_currency": "BRL", "orcamento": "0.00", "hospedagem": "", "cliente": 20, "dispositivos": 20, "history_change_reason": null, "history_date": "2018-07-26T13:02:12.528Z", "history_user": 1, "history_type": "+"}}, {"model": "servicos.historicalordemservico", "pk": 79, "fields": {"os_id": 50, "created_at": "2018-07-26T18:00:22.232Z", "updated_at": "2018-07-26T18:00:22.232Z", "acessorios": "", "tipo_servico": "1", "descricao": "Entregar as 16hrs de sexta", "status": "1", "orcamento_currency": "BRL", "orcamento": "230.00", "hospedagem": "B-1", "cliente": 21, "dispositivos": 21, "history_change_reason": null, "history_date": "2018-07-26T18:00:22.235Z", "history_user": 1, "history_type": "+"}}, {"model": "servicos.historicalordemservico", "pk": 80, "fields": {"os_id": 51, "created_at": "2018-07-27T13:58:08.762Z", "updated_at": "2018-07-27T13:58:08.762Z", "acessorios": "", "tipo_servico": "8", "descricao": "Colar touch", "status": "1", "orcamento_currency": "BRL", "orcamento": "20.00", "hospedagem": "", "cliente": 22, "dispositivos": 22, "history_change_reason": null, "history_date": "2018-07-27T13:58:08.764Z", "history_user": 1, "history_type": "+"}}, {"model": "servicos.historicalordemservico", "pk": 81, "fields": {"os_id": 52, "created_at": "2018-07-27T14:52:22.387Z", "updated_at": "2018-07-27T14:52:22.387Z", "acessorios": "", "tipo_servico": "10", "descricao": "Troca base DE carga", "status": "1", "orcamento_currency": "BRL", "orcamento": "70.00", "hospedagem": "", "cliente": 23, "dispositivos": 23, "history_change_reason": null, "history_date": "2018-07-27T14:52:22.391Z", "history_user": 1, "history_type": "+"}}, {"model": "servicos.historicalordemservico", "pk": 82, "fields": {"os_id": 52, "created_at": "2018-07-27T14:52:22.387Z", "updated_at": "2018-07-27T18:26:07.392Z", "acessorios": "", "tipo_servico": "10", "descricao": "Troca base DE carga", "status": "8", "orcamento_currency": "BRL", "orcamento": "70.00", "hospedagem": "", "cliente": 23, "dispositivos": 23, "history_change_reason": null, "history_date": "2018-07-27T18:26:07.396Z", "history_user": 1, "history_type": "~"}}, {"model": "servicos.historicalordemservico", "pk": 83, "fields": {"os_id": 52, "created_at": "2018-07-27T14:52:22.387Z", "updated_at": "2018-07-27T18:26:29.351Z", "acessorios": "", "tipo_servico": "10", "descricao": "Troca base DE carga", "status": "4", "orcamento_currency": "BRL", "orcamento": "70.00", "hospedagem": "", "cliente": 23, "dispositivos": 23, "history_change_reason": null, "history_date": "2018-07-27T18:26:29.355Z", "history_user": 1, "history_type": "~"}}, {"model": "servicos.historicalordemservico", "pk": 84, "fields": {"os_id": 51, "created_at": "2018-07-27T13:58:08.762Z", "updated_at": "2018-07-27T18:26:52.590Z", "acessorios": "", "tipo_servico": "8", "descricao": "Colar touch", "status": "8", "orcamento_currency": "BRL", "orcamento": "20.00", "hospedagem": "", "cliente": 22, "dispositivos": 22, "history_change_reason": null, "history_date": "2018-07-27T18:26:52.594Z", "history_user": 1, "history_type": "~"}}, {"model": "servicos.historicalordemservico", "pk": 85, "fields": {"os_id": 48, "created_at": "2018-07-25T17:38:18.052Z", "updated_at": "2018-07-27T18:35:27.760Z", "acessorios": "", "tipo_servico": "1", "descricao": "Reparo LCD ou troca de LCD.\r\nABERTURA DE APARELHO CUSTA R$30", "status": "8", "orcamento_currency": "BRL", "orcamento": "280.00", "hospedagem": "", "cliente": 19, "dispositivos": 19, "history_change_reason": null, "history_date": "2018-07-27T18:35:27.764Z", "history_user": 1, "history_type": "~"}}, {"model": "servicos.historicalordemservico", "pk": 86, "fields": {"os_id": 53, "created_at": "2018-07-30T12:24:15.133Z", "updated_at": "2018-07-30T12:24:15.133Z", "acessorios": "", "tipo_servico": "1", "descricao": "", "status": "1", "orcamento_currency": "BRL", "orcamento": "0.00", "hospedagem": "B-1", "cliente": 24, "dispositivos": 24, "history_change_reason": null, "history_date": "2018-07-30T12:24:15.135Z", "history_user": 1, "history_type": "+"}}, {"model": "servicos.historicalordemservico", "pk": 87, "fields": {"os_id": 54, "created_at": "2018-07-30T14:44:29.956Z", "updated_at": "2018-07-30T14:44:29.956Z", "acessorios": "", "tipo_servico": "1", "descricao": "Senha 0205", "status": "1", "orcamento_currency": "BRL", "orcamento": "250.00", "hospedagem": "", "cliente": 25, "dispositivos": 25, "history_change_reason": null, "history_date": "2018-07-30T14:44:29.960Z", "history_user": 1, "history_type": "+"}}, {"model": "servicos.historicalordemservico", "pk": 88, "fields": {"os_id": 54, "created_at": "2018-07-30T14:44:29.956Z", "updated_at": "2018-07-30T16:03:10.302Z", "acessorios": "", "tipo_servico": "1", "descricao": "Senha 0205", "status": "8", "orcamento_currency": "BRL", "orcamento": "250.00", "hospedagem": "", "cliente": 25, "dispositivos": 25, "history_change_reason": null, "history_date": "2018-07-30T16:03:10.306Z", "history_user": 2, "history_type": "~"}}, {"model": "servicos.historicalordemservico", "pk": 89, "fields": {"os_id": 27, "created_at": "2018-07-18T13:03:31.071Z", "updated_at": "2018-07-18T13:03:31.071Z", "acessorios": "2", "tipo_servico": "1", "descricao": "TEste", "status": "1", "orcamento_currency": "BRL", "orcamento": "45.00", "hospedagem": null, "cliente": 2, "dispositivos": 2, "history_change_reason": null, "history_date": "2018-07-30T16:06:36.289Z", "history_user": 1, "history_type": "-"}}, {"model": "servicos.historicalordemservico", "pk": 90, "fields": {"os_id": 26, "created_at": "2018-07-18T12:51:26.216Z", "updated_at": "2018-07-18T12:51:26.216Z", "acessorios": "6", "tipo_servico": "8", "descricao": "Teste", "status": "1", "orcamento_currency": "BRL", "orcamento": "12.00", "hospedagem": null, "cliente": 1, "dispositivos": 1, "history_change_reason": null, "history_date": "2018-07-30T16:06:36.291Z", "history_user": 1, "history_type": "-"}}, {"model": "servicos.historicalordemservico", "pk": 91, "fields": {"os_id": 25, "created_at": "2018-07-18T12:49:53.877Z", "updated_at": "2018-07-18T12:49:53.877Z", "acessorios": "3", "tipo_servico": "9", "descricao": "teste", "status": "1", "orcamento_currency": "BRL", "orcamento": "98.00", "hospedagem": null, "cliente": 2, "dispositivos": 2, "history_change_reason": null, "history_date": "2018-07-30T16:06:36.292Z", "history_user": 1, "history_type": "-"}}, {"model": "servicos.historicalordemservico", "pk": 92, "fields": {"os_id": 24, "created_at": "2018-07-18T12:48:43.316Z", "updated_at": "2018-07-18T12:48:43.316Z", "acessorios": "4", "tipo_servico": "9", "descricao": "Teste", "status": "1", "orcamento_currency": "BRL", "orcamento": "78.00", "hospedagem": null, "cliente": 2, "dispositivos": 2, "history_change_reason": null, "history_date": "2018-07-30T16:06:36.293Z", "history_user": 1, "history_type": "-"}}, {"model": "servicos.historicalordemservico", "pk": 93, "fields": {"os_id": 22, "created_at": "2018-07-18T12:35:48.043Z", "updated_at": "2018-07-18T12:35:48.043Z", "acessorios": "2,4", "tipo_servico": "1", "descricao": "teste 41", "status": "1", "orcamento_currency": "BRL", "orcamento": "49.00", "hospedagem": null, "cliente": 2, "dispositivos": 2, "history_change_reason": null, "history_date": "2018-07-30T16:06:36.293Z", "history_user": 1, "history_type": "-"}}, {"model": "servicos.historicalordemservico", "pk": 94, "fields": {"os_id": 21, "created_at": "2018-07-18T12:33:25.426Z", "updated_at": "2018-07-18T12:33:25.426Z", "acessorios": "1", "tipo_servico": "1", "descricao": "Teste ok.", "status": "1", "orcamento_currency": "BRL", "orcamento": "56.00", "hospedagem": null, "cliente": 2, "dispositivos": 2, "history_change_reason": null, "history_date": "2018-07-30T16:06:36.294Z", "history_user": 1, "history_type": "-"}}, {"model": "servicos.historicalordemservico", "pk": 95, "fields": {"os_id": 20, "created_at": "2018-07-18T12:31:44.762Z", "updated_at": "2018-07-18T12:31:44.762Z", "acessorios": "1", "tipo_servico": "1", "descricao": "teste", "status": "1", "orcamento_currency": "BRL", "orcamento": "55.00", "hospedagem": null, "cliente": 2, "dispositivos": 2, "history_change_reason": null, "history_date": "2018-07-30T16:06:36.295Z", "history_user": 1, "history_type": "-"}}, {"model": "servicos.historicalordemservico", "pk": 96, "fields": {"os_id": 19, "created_at": "2018-07-18T03:12:04.021Z", "updated_at": "2018-07-18T03:12:04.021Z", "acessorios": "2", "tipo_servico": "1", "descricao": "Tsete 35", "status": "1", "orcamento_currency": "BRL", "orcamento": "100.00", "hospedagem": null, "cliente": 2, "dispositivos": 2, "history_change_reason": null, "history_date": "2018-07-30T16:06:36.296Z", "history_user": 1, "history_type": "-"}}, {"model": "servicos.historicalordemservico", "pk": 97, "fields": {"os_id": 18, "created_at": "2018-07-18T02:34:44.003Z", "updated_at": "2018-07-18T02:34:44.003Z", "acessorios": "4", "tipo_servico": "9", "descricao": "Teste 24", "status": "1", "orcamento_currency": "BRL", "orcamento": "105.00", "hospedagem": null, "cliente": 2, "dispositivos": 2, "history_change_reason": null, "history_date": "2018-07-30T16:06:36.297Z", "history_user": 1, "history_type": "-"}}, {"model": "servicos.historicalordemservico", "pk": 98, "fields": {"os_id": 17, "created_at": "2018-07-18T02:33:32.322Z", "updated_at": "2018-07-18T02:33:32.322Z", "acessorios": "4", "tipo_servico": "6", "descricao": "Teste23", "status": "1", "orcamento_currency": "BRL", "orcamento": "32.00", "hospedagem": null, "cliente": 2, "dispositivos": 2, "history_change_reason": null, "history_date": "2018-07-30T16:06:36.298Z", "history_user": 1, "history_type": "-"}}, {"model": "servicos.historicalordemservico", "pk": 99, "fields": {"os_id": 16, "created_at": "2018-07-18T02:25:33.009Z", "updated_at": "2018-07-18T02:25:33.009Z", "acessorios": "3", "tipo_servico": "5", "descricao": "Teste22", "status": "1", "orcamento_currency": "BRL", "orcamento": "78.00", "hospedagem": null, "cliente": 2, "dispositivos": 2, "history_change_reason": null, "history_date": "2018-07-30T16:06:36.299Z", "history_user": 1, "history_type": "-"}}, {"model": "servicos.historicalordemservico", "pk": 100, "fields": {"os_id": 15, "created_at": "2018-07-18T02:23:18.186Z", "updated_at": "2018-07-18T02:23:18.186Z", "acessorios": "3", "tipo_servico": "7", "descricao": "Teste21", "status": "1", "orcamento_currency": "BRL", "orcamento": "40.00", "hospedagem": null, "cliente": 2, "dispositivos": 2, "history_change_reason": null, "history_date": "2018-07-30T16:06:36.300Z", "history_user": 1, "history_type": "-"}}, {"model": "servicos.historicalordemservico", "pk": 101, "fields": {"os_id": 14, "created_at": "2018-07-18T02:18:14.195Z", "updated_at": "2018-07-18T02:18:14.196Z", "acessorios": "4", "tipo_servico": "9", "descricao": "Teste 20", "status": "1", "orcamento_currency": "BRL", "orcamento": "32.00", "hospedagem": null, "cliente": 1, "dispositivos": 1, "history_change_reason": null, "history_date": "2018-07-30T16:06:36.301Z", "history_user": 1, "history_type": "-"}}, {"model": "servicos.historicalordemservico", "pk": 102, "fields": {"os_id": 13, "created_at": "2018-07-18T02:12:07.063Z", "updated_at": "2018-07-18T02:12:07.063Z", "acessorios": "3,4", "tipo_servico": "3", "descricao": "Teste", "status": "1", "orcamento_currency": "BRL", "orcamento": "30.00", "hospedagem": null, "cliente": 2, "dispositivos": 2, "history_change_reason": null, "history_date": "2018-07-30T16:06:36.302Z", "history_user": 1, "history_type": "-"}}, {"model": "servicos.historicalordemservico", "pk": 103, "fields": {"os_id": 12, "created_at": "2018-07-18T02:10:56.271Z", "updated_at": "2018-07-18T02:10:56.271Z", "acessorios": "1", "tipo_servico": "2", "descricao": "Teste Impressao PDF", "status": "1", "orcamento_currency": "BRL", "orcamento": "20.00", "hospedagem": null, "cliente": 2, "dispositivos": 2, "history_change_reason": null, "history_date": "2018-07-30T16:06:36.303Z", "history_user": 1, "history_type": "-"}}, {"model": "servicos.historicalordemservico", "pk": 104, "fields": {"os_id": 11, "created_at": "2018-07-18T02:06:01.184Z", "updated_at": "2018-07-18T02:06:01.184Z", "acessorios": "1,2,3,4", "tipo_servico": "1", "descricao": "hgjgj", "status": "1", "orcamento_currency": "BRL", "orcamento": "200.00", "hospedagem": null, "cliente": 2, "dispositivos": 2, "history_change_reason": null, "history_date": "2018-07-30T16:06:36.304Z", "history_user": 1, "history_type": "-"}}, {"model": "servicos.historicalordemservico", "pk": 105, "fields": {"os_id": 10, "created_at": "2018-07-18T02:05:02.034Z", "updated_at": "2018-07-18T02:05:02.034Z", "acessorios": "1,2", "tipo_servico": "4", "descricao": "jjjj", "status": "1", "orcamento_currency": "BRL", "orcamento": "14.00", "hospedagem": null, "cliente": 2, "dispositivos": 2, "history_change_reason": null, "history_date": "2018-07-30T16:06:36.305Z", "history_user": 1, "history_type": "-"}}, {"model": "servicos.historicalordemservico", "pk": 106, "fields": {"os_id": 9, "created_at": "2018-07-18T01:54:55.812Z", "updated_at": "2018-07-18T01:54:55.812Z", "acessorios": "1,2,4", "tipo_servico": "3", "descricao": "hk", "status": "1", "orcamento_currency": "BRL", "orcamento": "21.00", "hospedagem": null, "cliente": 1, "dispositivos": 1, "history_change_reason": null, "history_date": "2018-07-30T16:06:36.306Z", "history_user": 1, "history_type": "-"}}, {"model": "servicos.historicalordemservico", "pk": 107, "fields": {"os_id": 8, "created_at": "2018-07-18T01:51:30.666Z", "updated_at": "2018-07-18T01:51:30.666Z", "acessorios": "2,6", "tipo_servico": "7", "descricao": "Teste PDF 7", "status": "1", "orcamento_currency": "BRL", "orcamento": "100.00", "hospedagem": null, "cliente": 2, "dispositivos": 2, "history_change_reason": null, "history_date": "2018-07-30T16:06:36.307Z", "history_user": 1, "history_type": "-"}}, {"model": "servicos.historicalordemservico", "pk": 108, "fields": {"os_id": 7, "created_at": "2018-07-17T22:49:29.939Z", "updated_at": "2018-07-17T22:49:29.939Z", "acessorios": "2,3,4", "tipo_servico": "9", "descricao": "Teste PDF 06", "status": "1", "orcamento_currency": "BRL", "orcamento": "78.00", "hospedagem": null, "cliente": 1, "dispositivos": 1, "history_change_reason": null, "history_date": "2018-07-30T16:06:36.308Z", "history_user": 1, "history_type": "-"}}, {"model": "servicos.historicalordemservico", "pk": 109, "fields": {"os_id": 6, "created_at": "2018-07-17T22:39:00.740Z", "updated_at": "2018-07-17T22:39:00.740Z", "acessorios": "2,3,4", "tipo_servico": "7", "descricao": "Teste PDF03", "status": "1", "orcamento_currency": "BRL", "orcamento": "45.00", "hospedagem": null, "cliente": 2, "dispositivos": 2, "history_change_reason": null, "history_date": "2018-07-30T16:06:36.309Z", "history_user": 1, "history_type": "-"}}, {"model": "servicos.historicalordemservico", "pk": 110, "fields": {"os_id": 5, "created_at": "2018-07-17T22:09:23.400Z", "updated_at": "2018-07-17T22:09:23.400Z", "acessorios": "3,4", "tipo_servico": "7", "descricao": "Teste PDF02", "status": "1", "orcamento_currency": "BRL", "orcamento": "36.00", "hospedagem": null, "cliente": 1, "dispositivos": 1, "history_change_reason": null, "history_date": "2018-07-30T16:06:36.310Z", "history_user": 1, "history_type": "-"}}, {"model": "servicos.historicalordemservico", "pk": 111, "fields": {"os_id": 4, "created_at": "2018-07-17T22:06:35.311Z", "updated_at": "2018-07-17T22:06:35.311Z", "acessorios": "1,2", "tipo_servico": "3", "descricao": "Teste PDF 001", "status": "1", "orcamento_currency": "BRL", "orcamento": "32.00", "hospedagem": null, "cliente": 2, "dispositivos": 2, "history_change_reason": null, "history_date": "2018-07-30T16:06:36.311Z", "history_user": 1, "history_type": "-"}}, {"model": "servicos.historicalordemservico", "pk": 112, "fields": {"os_id": 3, "created_at": "2018-07-17T12:03:42.960Z", "updated_at": "2018-07-17T12:09:06.562Z", "acessorios": "1,2,4,6", "tipo_servico": "1", "descricao": "sfdsfds", "status": "1", "orcamento_currency": "BRL", "orcamento": "32.00", "hospedagem": null, "cliente": 2, "dispositivos": 2, "history_change_reason": null, "history_date": "2018-07-30T16:06:36.312Z", "history_user": 1, "history_type": "-"}}, {"model": "servicos.historicalordemservico", "pk": 113, "fields": {"os_id": 2, "created_at": "2018-07-17T12:02:19.960Z", "updated_at": "2018-07-17T12:02:19.960Z", "acessorios": "1,2,4,6", "tipo_servico": "1", "descricao": "cxvcxvc", "status": "1", "orcamento_currency": "BRL", "orcamento": "32.00", "hospedagem": null, "cliente": 1, "dispositivos": 1, "history_change_reason": null, "history_date": "2018-07-30T16:06:36.313Z", "history_user": 1, "history_type": "-"}}, {"model": "servicos.historicalordemservico", "pk": 114, "fields": {"os_id": 1, "created_at": "2018-07-16T23:45:17.551Z", "updated_at": "2018-07-17T13:26:09.647Z", "acessorios": "1,2,4,5", "tipo_servico": "3", "descricao": "Teste 01dddfdfdfdfdfdfdfddsfdsfdfdhjhjhjhjhdfdfdvcvxcvx", "status": "3", "orcamento_currency": "BRL", "orcamento": "132.00", "hospedagem": null, "cliente": 1, "dispositivos": 1, "history_change_reason": null, "history_date": "2018-07-30T16:06:36.314Z", "history_user": 1, "history_type": "-"}}, {"model": "servicos.historicalordemservico", "pk": 115, "fields": {"os_id": 23, "created_at": "2018-07-18T12:37:53.221Z", "updated_at": "2018-07-18T12:37:53.221Z", "acessorios": "3", "tipo_servico": "1", "descricao": "Teste 5", "status": "1", "orcamento_currency": "BRL", "orcamento": "47.00", "hospedagem": null, "cliente": 2, "dispositivos": 2, "history_change_reason": null, "history_date": "2018-07-30T16:06:52.019Z", "history_user": 1, "history_type": "-"}}, {"model": "servicos.historicalordemservico", "pk": 116, "fields": {"os_id": 28, "created_at": "2018-07-18T13:04:39.263Z", "updated_at": "2018-07-18T13:04:39.264Z", "acessorios": "1", "tipo_servico": "1", "descricao": "Teste", "status": "1", "orcamento_currency": "BRL", "orcamento": "45.00", "hospedagem": null, "cliente": 2, "dispositivos": 2, "history_change_reason": null, "history_date": "2018-07-30T16:07:02.691Z", "history_user": 1, "history_type": "-"}}, {"model": "servicos.historicalordemservico", "pk": 117, "fields": {"os_id": 55, "created_at": "2018-07-30T16:26:47.544Z", "updated_at": "2018-07-30T16:26:47.544Z", "acessorios": "", "tipo_servico": "10", "descricao": "N\u00e3o liga", "status": "1", "orcamento_currency": "BRL", "orcamento": "0.00", "hospedagem": "", "cliente": 23, "dispositivos": 26, "history_change_reason": null, "history_date": "2018-07-30T16:26:47.548Z", "history_user": 1, "history_type": "+"}}, {"model": "servicos.historicalordemservico", "pk": 118, "fields": {"os_id": 54, "created_at": "2018-07-30T14:44:29.956Z", "updated_at": "2018-07-30T16:44:23.739Z", "acessorios": "", "tipo_servico": "1", "descricao": "Senha 0205", "status": "9", "orcamento_currency": "BRL", "orcamento": "250.00", "hospedagem": "", "cliente": 25, "dispositivos": 25, "history_change_reason": null, "history_date": "2018-07-30T16:44:23.742Z", "history_user": 2, "history_type": "~"}}, {"model": "servicos.historicalordemservico", "pk": 119, "fields": {"os_id": 56, "created_at": "2018-07-30T18:25:50.840Z", "updated_at": "2018-07-30T18:25:50.840Z", "acessorios": "", "tipo_servico": "14", "descricao": "Bot\u00e3o  de desligar mal encaixado. Tela piscando. N\u00e3o l\u00ea chip", "status": "1", "orcamento_currency": "BRL", "orcamento": "80.00", "hospedagem": "B-2", "cliente": 26, "dispositivos": 27, "history_change_reason": null, "history_date": "2018-07-30T18:25:50.844Z", "history_user": 1, "history_type": "+"}}, {"model": "servicos.historicalordemservico", "pk": 120, "fields": {"os_id": 57, "created_at": "2018-07-30T18:47:29.859Z", "updated_at": "2018-07-30T18:47:29.859Z", "acessorios": "", "tipo_servico": "6", "descricao": "", "status": "1", "orcamento_currency": "BRL", "orcamento": "110.00", "hospedagem": "B-3", "cliente": 27, "dispositivos": 28, "history_change_reason": null, "history_date": "2018-07-30T18:47:29.862Z", "history_user": 1, "history_type": "+"}}, {"model": "servicos.historicalordemservico", "pk": 121, "fields": {"os_id": 56, "created_at": "2018-07-30T18:25:50.840Z", "updated_at": "2018-07-30T18:57:51.026Z", "acessorios": "", "tipo_servico": "14", "descricao": "Bot\ufffdo  de desligar mal encaixado. Tela piscando. N\ufffdo l\ufffd chip", "status": "4", "orcamento_currency": "BRL", "orcamento": "80.00", "hospedagem": "", "cliente": 26, "dispositivos": 27, "history_change_reason": null, "history_date": "2018-07-30T18:57:51.030Z", "history_user": 1, "history_type": "~"}}, {"model": "servicos.historicalordemservico", "pk": 122, "fields": {"os_id": 55, "created_at": "2018-07-30T16:26:47.544Z", "updated_at": "2018-07-30T19:02:16.535Z", "acessorios": "", "tipo_servico": "10", "descricao": "N\ufffdo liga", "status": "9", "orcamento_currency": "BRL", "orcamento": "0.00", "hospedagem": "", "cliente": 23, "dispositivos": 26, "history_change_reason": null, "history_date": "2018-07-30T19:02:16.539Z", "history_user": 2, "history_type": "~"}}, {"model": "servicos.historicalordemservico", "pk": 123, "fields": {"os_id": 56, "created_at": "2018-07-30T18:25:50.840Z", "updated_at": "2018-07-30T19:16:58.654Z", "acessorios": "", "tipo_servico": "14", "descricao": "Bot&#65533;o  de desligar mal encaixado. Tela piscando. N&#65533;o l&#65533; chip", "status": "6", "orcamento_currency": "BRL", "orcamento": "80.00", "hospedagem": "", "cliente": 26, "dispositivos": 27, "history_change_reason": null, "history_date": "2018-07-30T19:16:58.658Z", "history_user": 1, "history_type": "~"}}, {"model": "servicos.historicalordemservico", "pk": 124, "fields": {"os_id": 51, "created_at": "2018-07-27T13:58:08.762Z", "updated_at": "2018-07-30T20:28:40.755Z", "acessorios": "", "tipo_servico": "8", "descricao": "Colar touch", "status": "9", "orcamento_currency": "BRL", "orcamento": "20.00", "hospedagem": "", "cliente": 22, "dispositivos": 22, "history_change_reason": null, "history_date": "2018-07-30T20:28:40.759Z", "history_user": 1, "history_type": "~"}}, {"model": "servicos.historicalordemservico", "pk": 125, "fields": {"os_id": 58, "created_at": "2018-07-30T20:40:21.712Z", "updated_at": "2018-07-30T20:40:21.712Z", "acessorios": "", "tipo_servico": "1", "descricao": "Nao ta ligando so da sinal na tomada.", "status": "1", "orcamento_currency": "BRL", "orcamento": "0.00", "hospedagem": "", "cliente": 28, "dispositivos": 29, "history_change_reason": null, "history_date": "2018-07-30T20:40:21.716Z", "history_user": 1, "history_type": "+"}}, {"model": "servicos.historicalordemservico", "pk": 126, "fields": {"os_id": 59, "created_at": "2018-07-30T20:44:52.601Z", "updated_at": "2018-07-30T20:44:52.601Z", "acessorios": "", "tipo_servico": "10", "descricao": "N\u00e3o carrega troca base de carga.", "status": "1", "orcamento_currency": "BRL", "orcamento": "70.00", "hospedagem": "", "cliente": 29, "dispositivos": 30, "history_change_reason": null, "history_date": "2018-07-30T20:44:52.605Z", "history_user": 1, "history_type": "+"}}, {"model": "servicos.historicalordemservico", "pk": 127, "fields": {"os_id": 60, "created_at": "2018-07-31T14:02:21.445Z", "updated_at": "2018-07-31T14:02:21.445Z", "acessorios": "", "tipo_servico": "10", "descricao": "Or\u00e7amento. N\u00e3o liga. Carrega mais n\u00e3o liga.", "status": "1", "orcamento_currency": "BRL", "orcamento": "0.00", "hospedagem": "B-3", "cliente": 30, "dispositivos": 31, "history_change_reason": null, "history_date": "2018-07-31T14:02:21.446Z", "history_user": 1, "history_type": "+"}}, {"model": "servicos.historicalordemservico", "pk": 128, "fields": {"os_id": 60, "created_at": "2018-07-31T14:02:21.445Z", "updated_at": "2018-07-31T15:12:23.121Z", "acessorios": "", "tipo_servico": "10", "descricao": "Or\ufffdamento. N\ufffdo liga. Carrega mais n\ufffdo liga.", "status": "9", "orcamento_currency": "BRL", "orcamento": "0.00", "hospedagem": "", "cliente": 30, "dispositivos": 31, "history_change_reason": null, "history_date": "2018-07-31T15:12:23.125Z", "history_user": 2, "history_type": "~"}}, {"model": "servicos.historicalordemservico", "pk": 129, "fields": {"os_id": 61, "created_at": "2018-07-31T16:20:59.445Z", "updated_at": "2018-07-31T16:20:59.445Z", "acessorios": "", "tipo_servico": "10", "descricao": "Troca placa de carga completa.\r\nCOLOCOU PRA CARREGAR CARREGADOR PARALELO CARREGADOR ESTOUROU E CELULAR NAO LIGA MAIS..", "status": "1", "orcamento_currency": "BRL", "orcamento": "0.00", "hospedagem": "", "cliente": 31, "dispositivos": 32, "history_change_reason": null, "history_date": "2018-07-31T16:20:59.449Z", "history_user": 1, "history_type": "+"}}, {"model": "servicos.historicalordemservico", "pk": 130, "fields": {"os_id": 61, "created_at": "2018-07-31T16:20:59.445Z", "updated_at": "2018-07-31T16:21:58.836Z", "acessorios": "", "tipo_servico": "10", "descricao": "Troca placa de carga completa. Ou s&#65533; a base 70 reais.\r\nCOLOCOU PRA CARREGAR CARREGADOR PARALELO CARREGADOR ESTOUROU E CELULAR NAO LIGA MAIS..", "status": "1", "orcamento_currency": "BRL", "orcamento": "150.00", "hospedagem": "", "cliente": 31, "dispositivos": 32, "history_change_reason": null, "history_date": "2018-07-31T16:21:58.841Z", "history_user": 1, "history_type": "~"}}, {"model": "servicos.historicalordemservico", "pk": 131, "fields": {"os_id": 57, "created_at": "2018-07-30T18:47:29.859Z", "updated_at": "2018-07-31T16:46:07.449Z", "acessorios": "", "tipo_servico": "6", "descricao": "", "status": "8", "orcamento_currency": "BRL", "orcamento": "110.00", "hospedagem": "", "cliente": 27, "dispositivos": 28, "history_change_reason": null, "history_date": "2018-07-31T16:46:07.453Z", "history_user": 2, "history_type": "~"}}, {"model": "servicos.historicalordemservico", "pk": 132, "fields": {"os_id": 62, "created_at": "2018-07-31T17:08:40.731Z", "updated_at": "2018-07-31T17:08:40.731Z", "acessorios": "", "tipo_servico": "10", "descricao": "NA LIGA\u00c7\u00c3O \u00c0 PESSOA DO OUTRO LADO DA LINHA NAO ESCUTA.", "status": "1", "orcamento_currency": "BRL", "orcamento": "0.00", "hospedagem": "", "cliente": 32, "dispositivos": 34, "history_change_reason": null, "history_date": "2018-07-31T17:08:40.734Z", "history_user": 1, "history_type": "+"}}, {"model": "servicos.historicalordemservico", "pk": 133, "fields": {"os_id": 63, "created_at": "2018-07-31T17:13:07.360Z", "updated_at": "2018-07-31T17:13:07.360Z", "acessorios": "", "tipo_servico": "1", "descricao": "ESTAVA FUNCIONANDO DESCARREGOU DESLIGOU E NAO QUIS LIGAR MAIS.", "status": "1", "orcamento_currency": "BRL", "orcamento": "0.00", "hospedagem": "", "cliente": 33, "dispositivos": 35, "history_change_reason": null, "history_date": "2018-07-31T17:13:07.364Z", "history_user": 1, "history_type": "+"}}, {"model": "servicos.historicalordemservico", "pk": 134, "fields": {"os_id": 64, "created_at": "2018-07-31T17:16:12.230Z", "updated_at": "2018-07-31T17:16:12.230Z", "acessorios": "", "tipo_servico": "10", "descricao": "Tecla Power NAO Funciona", "status": "1", "orcamento_currency": "BRL", "orcamento": "0.00", "hospedagem": "", "cliente": 33, "dispositivos": 36, "history_change_reason": null, "history_date": "2018-07-31T17:16:12.233Z", "history_user": 1, "history_type": "+"}}, {"model": "servicos.historicalordemservico", "pk": 135, "fields": {"os_id": 58, "created_at": "2018-07-30T20:40:21.712Z", "updated_at": "2018-07-31T20:00:39.209Z", "acessorios": "", "tipo_servico": "10", "descricao": "Nao ta ligando so da sinal na tomada.\r\n- Foi realizado a troca da base de carga USB.", "status": "8", "orcamento_currency": "BRL", "orcamento": "0.00", "hospedagem": "", "cliente": 28, "dispositivos": 29, "history_change_reason": null, "history_date": "2018-07-31T20:00:39.214Z", "history_user": 1, "history_type": "~"}}, {"model": "servicos.historicalordemservico", "pk": 136, "fields": {"os_id": 65, "created_at": "2018-08-01T15:42:17.475Z", "updated_at": "2018-08-01T15:42:17.475Z", "acessorios": "", "tipo_servico": "1", "descricao": "Troca base de carga original", "status": "1", "orcamento_currency": "BRL", "orcamento": "100.00", "hospedagem": "", "cliente": 34, "dispositivos": 37, "history_change_reason": null, "history_date": "2018-08-01T15:42:17.477Z", "history_user": 1, "history_type": "+"}}, {"model": "servicos.historicalordemservico", "pk": 137, "fields": {"os_id": 61, "created_at": "2018-07-31T16:20:59.445Z", "updated_at": "2018-08-01T17:40:53.943Z", "acessorios": "", "tipo_servico": "10", "descricao": "Troca placa de carga completa. Ou s&#65533; a base 70 reais.\r\nCOLOCOU PRA CARREGAR CARREGADOR PARALELO CARREGADOR ESTOUROU E CELULAR NAO LIGA MAIS..", "status": "3", "orcamento_currency": "BRL", "orcamento": "150.00", "hospedagem": "", "cliente": 31, "dispositivos": 32, "history_change_reason": null, "history_date": "2018-08-01T17:40:53.947Z", "history_user": 2, "history_type": "~"}}, {"model": "servicos.historicalordemservico", "pk": 138, "fields": {"os_id": 61, "created_at": "2018-07-31T16:20:59.445Z", "updated_at": "2018-08-01T17:42:21.116Z", "acessorios": "", "tipo_servico": "10", "descricao": "Troca placa de carga completa. Ou s&#65533; a base 70 reais.\r\nCOLOCOU PRA CARREGAR CARREGADOR PARALELO CARREGADOR ESTOUROU E CELULAR NAO LIGA MAIS..", "status": "3", "orcamento_currency": "BRL", "orcamento": "150.00", "hospedagem": "", "cliente": 31, "dispositivos": 32, "history_change_reason": null, "history_date": "2018-08-01T17:42:21.120Z", "history_user": 2, "history_type": "~"}}, {"model": "servicos.historicalordemservico", "pk": 139, "fields": {"os_id": 62, "created_at": "2018-07-31T17:08:40.731Z", "updated_at": "2018-08-01T17:45:09.032Z", "acessorios": "", "tipo_servico": "10", "descricao": "NA LIGA\ufffd\ufffdO \ufffd PESSOA DO OUTRO LADO DA LINHA NAO ESCUTA.\r\n(AINDA NAO DEU CERTO PRECISA DE MAIS TEMPO)", "status": "1", "orcamento_currency": "BRL", "orcamento": "0.00", "hospedagem": "", "cliente": 32, "dispositivos": 34, "history_change_reason": null, "history_date": "2018-08-01T17:45:09.036Z", "history_user": 2, "history_type": "~"}}, {"model": "servicos.historicalordemservico", "pk": 140, "fields": {"os_id": 62, "created_at": "2018-07-31T17:08:40.731Z", "updated_at": "2018-08-01T17:48:55.693Z", "acessorios": "", "tipo_servico": "10", "descricao": "NA LIGA&#65533;&#65533;O &#65533; PESSOA DO OUTRO LADO DA LINHA NAO ESCUTA.\r\n(AINDA NAO DEU CERTO PRECISA DE MAIS TEMPO)", "status": "4", "orcamento_currency": "BRL", "orcamento": "0.00", "hospedagem": "", "cliente": 32, "dispositivos": 34, "history_change_reason": null, "history_date": "2018-08-01T17:48:55.697Z", "history_user": 2, "history_type": "~"}}, {"model": "servicos.historicalordemservico", "pk": 141, "fields": {"os_id": 64, "created_at": "2018-07-31T17:16:12.230Z", "updated_at": "2018-08-01T19:10:01.016Z", "acessorios": "", "tipo_servico": "10", "descricao": "Tecla Power NAO Funciona (Foi feita a substitui\ufffd\ufffdo do AMD POWER)", "status": "8", "orcamento_currency": "BRL", "orcamento": "100.00", "hospedagem": "", "cliente": 33, "dispositivos": 36, "history_change_reason": null, "history_date": "2018-08-01T19:10:01.021Z", "history_user": 2, "history_type": "~"}}, {"model": "servicos.historicalordemservico", "pk": 142, "fields": {"os_id": 63, "created_at": "2018-07-31T17:13:07.360Z", "updated_at": "2018-08-01T19:11:30.499Z", "acessorios": "", "tipo_servico": "11", "descricao": "ESTAVA FUNCIONANDO DESCARREGOU DESLIGOU E NAO QUIS LIGAR MAIS.\r\n(RESSOLDAGEM FEITA NA PLACA OBTENDO SUCESSO)", "status": "8", "orcamento_currency": "BRL", "orcamento": "80.00", "hospedagem": "", "cliente": 33, "dispositivos": 35, "history_change_reason": null, "history_date": "2018-08-01T19:11:30.502Z", "history_user": 2, "history_type": "~"}}, {"model": "servicos.historicalordemservico", "pk": 143, "fields": {"os_id": 59, "created_at": "2018-07-30T20:44:52.601Z", "updated_at": "2018-08-02T12:18:35.627Z", "acessorios": "", "tipo_servico": "10", "descricao": "N\ufffdo carrega troca base de carga.", "status": "8", "orcamento_currency": "BRL", "orcamento": "70.00", "hospedagem": "", "cliente": 29, "dispositivos": 30, "history_change_reason": null, "history_date": "2018-08-02T12:18:35.629Z", "history_user": 2, "history_type": "~"}}, {"model": "servicos.historicalordemservico", "pk": 144, "fields": {"os_id": 65, "created_at": "2018-08-01T15:42:17.475Z", "updated_at": "2018-08-02T12:22:19.301Z", "acessorios": "", "tipo_servico": "1", "descricao": "Troca base de carga original.\r\n(TROQUEI BASE E NAO DEU CERTO PRECISO DE MAIS TEMPO)", "status": "6", "orcamento_currency": "BRL", "orcamento": "100.00", "hospedagem": "", "cliente": 34, "dispositivos": 37, "history_change_reason": null, "history_date": "2018-08-02T12:22:19.306Z", "history_user": 2, "history_type": "~"}}, {"model": "servicos.historicalordemservico", "pk": 145, "fields": {"os_id": 66, "created_at": "2018-08-02T17:18:40.113Z", "updated_at": "2018-08-02T17:18:40.113Z", "acessorios": "", "tipo_servico": "2", "descricao": "Pel\u00edcula de brinde", "status": "1", "orcamento_currency": "BRL", "orcamento": "180.00", "hospedagem": "", "cliente": 35, "dispositivos": 39, "history_change_reason": null, "history_date": "2018-08-02T17:18:40.117Z", "history_user": 1, "history_type": "+"}}, {"model": "servicos.historicalordemservico", "pk": 146, "fields": {"os_id": 67, "created_at": "2018-08-02T19:31:01.970Z", "updated_at": "2018-08-02T19:31:01.970Z", "acessorios": "", "tipo_servico": "14", "descricao": "N\u00e3o liga.", "status": "1", "orcamento_currency": "BRL", "orcamento": "100.00", "hospedagem": "B-3", "cliente": 36, "dispositivos": 40, "history_change_reason": null, "history_date": "2018-08-02T19:31:01.974Z", "history_user": 1, "history_type": "+"}}, {"model": "servicos.historicalordemservico", "pk": 147, "fields": {"os_id": 68, "created_at": "2018-08-02T19:32:47.865Z", "updated_at": "2018-08-02T19:32:47.865Z", "acessorios": "", "tipo_servico": "1", "descricao": "Or\u00e7amento tela.", "status": "1", "orcamento_currency": "BRL", "orcamento": "0.00", "hospedagem": "B-4", "cliente": 36, "dispositivos": 41, "history_change_reason": null, "history_date": "2018-08-02T19:32:47.869Z", "history_user": 1, "history_type": "+"}}, {"model": "servicos.historicalordemservico", "pk": 148, "fields": {"os_id": 69, "created_at": "2018-08-03T13:28:57.233Z", "updated_at": "2018-08-03T13:28:57.234Z", "acessorios": "", "tipo_servico": "2", "descricao": "", "status": "1", "orcamento_currency": "BRL", "orcamento": "80.00", "hospedagem": "", "cliente": 37, "dispositivos": 42, "history_change_reason": null, "history_date": "2018-08-03T13:28:57.236Z", "history_user": 1, "history_type": "+"}}, {"model": "servicos.historicalordemservico", "pk": 149, "fields": {"os_id": 66, "created_at": "2018-08-02T17:18:40.113Z", "updated_at": "2018-08-03T18:55:46.473Z", "acessorios": "", "tipo_servico": "2", "descricao": "Pel\ufffdcula de brinde", "status": "9", "orcamento_currency": "BRL", "orcamento": "180.00", "hospedagem": "", "cliente": 35, "dispositivos": 39, "history_change_reason": null, "history_date": "2018-08-03T18:55:46.477Z", "history_user": 2, "history_type": "~"}}, {"model": "admin.logentry", "pk": 1, "fields": {"action_time": "2018-07-17T12:00:31.301Z", "user": 1, "content_type": 21, "object_id": "1", "object_repr": "O.S: #1", "action_flag": 2, "change_message": "[]"}}, {"model": "admin.logentry", "pk": 2, "fields": {"action_time": "2018-07-20T13:08:04.224Z", "user": 1, "content_type": 5, "object_id": "2", "object_repr": "ramon", "action_flag": 1, "change_message": "[{\"added\": {}}]"}}, {"model": "admin.logentry", "pk": 3, "fields": {"action_time": "2018-07-20T13:09:47.212Z", "user": 1, "content_type": 5, "object_id": "2", "object_repr": "ramon", "action_flag": 2, "change_message": "[{\"changed\": {\"fields\": [\"first_name\", \"last_name\", \"email\", \"user_permissions\"]}}]"}}, {"model": "admin.logentry", "pk": 4, "fields": {"action_time": "2018-07-24T17:52:15.262Z", "user": 1, "content_type": 1, "object_id": "2", "object_repr": "Excel\u00eancia", "action_flag": 2, "change_message": "[{\"changed\": {\"fields\": [\"name\", \"env\", \"logo\", \"logo_color\", \"favicon\", \"title\"]}}]"}}, {"model": "admin.logentry", "pk": 5, "fields": {"action_time": "2018-07-24T17:53:11.010Z", "user": 1, "content_type": 1, "object_id": "2", "object_repr": "Excel\u00eancia", "action_flag": 2, "change_message": "[{\"changed\": {\"fields\": [\"title_color\", \"title_visible\", \"css_header_background_color\", \"css_module_background_color\"]}}]"}}, {"model": "admin.logentry", "pk": 6, "fields": {"action_time": "2018-07-24T17:53:49.177Z", "user": 1, "content_type": 1, "object_id": "2", "object_repr": "Excel\u00eancia", "action_flag": 2, "change_message": "[{\"changed\": {\"fields\": [\"css_header_text_color\", \"css_header_link_color\", \"css_header_link_hover_color\"]}}]"}}, {"model": "admin.logentry", "pk": 7, "fields": {"action_time": "2018-07-24T17:54:16.092Z", "user": 1, "content_type": 1, "object_id": "2", "object_repr": "Excel\u00eancia", "action_flag": 2, "change_message": "[{\"changed\": {\"fields\": [\"css_module_link_color\"]}}]"}}, {"model": "admin.logentry", "pk": 8, "fields": {"action_time": "2018-07-24T17:54:31.227Z", "user": 1, "content_type": 1, "object_id": "2", "object_repr": "Excel\u00eancia", "action_flag": 2, "change_message": "[{\"changed\": {\"fields\": [\"css_module_link_color\"]}}]"}}, {"model": "admin.logentry", "pk": 9, "fields": {"action_time": "2018-07-24T17:54:50.575Z", "user": 1, "content_type": 1, "object_id": "2", "object_repr": "Excel\u00eancia", "action_flag": 2, "change_message": "[{\"changed\": {\"fields\": [\"css_module_link_hover_color\"]}}]"}}, {"model": "admin.logentry", "pk": 10, "fields": {"action_time": "2018-07-24T17:55:16.940Z", "user": 1, "content_type": 1, "object_id": "2", "object_repr": "Excel\u00eancia", "action_flag": 2, "change_message": "[{\"changed\": {\"fields\": [\"css_module_link_color\"]}}]"}}, {"model": "admin.logentry", "pk": 11, "fields": {"action_time": "2018-07-24T18:32:11.974Z", "user": 1, "content_type": 1, "object_id": "2", "object_repr": "Excel\u00eancia", "action_flag": 2, "change_message": "[{\"changed\": {\"fields\": [\"logo_visible\", \"favicon\"]}}]"}}, {"model": "admin.logentry", "pk": 12, "fields": {"action_time": "2018-07-24T18:32:26.103Z", "user": 1, "content_type": 1, "object_id": "1", "object_repr": "Django", "action_flag": 3, "change_message": ""}}, {"model": "admin.logentry", "pk": 13, "fields": {"action_time": "2018-07-26T01:48:47.849Z", "user": 1, "content_type": 5, "object_id": "1", "object_repr": "hanielsf", "action_flag": 2, "change_message": "[{\"changed\": {\"fields\": [\"first_name\", \"last_name\"]}}]"}}, {"model": "admin.logentry", "pk": 14, "fields": {"action_time": "2018-07-27T18:34:39.110Z", "user": 1, "content_type": 18, "object_id": "19", "object_repr": "J5 PRIME", "action_flag": 2, "change_message": "[{\"changed\": {\"fields\": [\"cliente\"]}}]"}}, {"model": "admin.logentry", "pk": 15, "fields": {"action_time": "2018-07-30T16:06:36.243Z", "user": 1, "content_type": 21, "object_id": "1", "object_repr": "O.S: #1", "action_flag": 3, "change_message": ""}}, {"model": "admin.logentry", "pk": 16, "fields": {"action_time": "2018-07-30T16:06:36.247Z", "user": 1, "content_type": 21, "object_id": "2", "object_repr": "O.S: #2", "action_flag": 3, "change_message": ""}}, {"model": "admin.logentry", "pk": 17, "fields": {"action_time": "2018-07-30T16:06:36.249Z", "user": 1, "content_type": 21, "object_id": "3", "object_repr": "O.S: #3", "action_flag": 3, "change_message": ""}}, {"model": "admin.logentry", "pk": 18, "fields": {"action_time": "2018-07-30T16:06:36.250Z", "user": 1, "content_type": 21, "object_id": "4", "object_repr": "O.S: #4", "action_flag": 3, "change_message": ""}}, {"model": "admin.logentry", "pk": 19, "fields": {"action_time": "2018-07-30T16:06:36.251Z", "user": 1, "content_type": 21, "object_id": "5", "object_repr": "O.S: #5", "action_flag": 3, "change_message": ""}}, {"model": "admin.logentry", "pk": 20, "fields": {"action_time": "2018-07-30T16:06:36.253Z", "user": 1, "content_type": 21, "object_id": "6", "object_repr": "O.S: #6", "action_flag": 3, "change_message": ""}}, {"model": "admin.logentry", "pk": 21, "fields": {"action_time": "2018-07-30T16:06:36.254Z", "user": 1, "content_type": 21, "object_id": "7", "object_repr": "O.S: #7", "action_flag": 3, "change_message": ""}}, {"model": "admin.logentry", "pk": 22, "fields": {"action_time": "2018-07-30T16:06:36.256Z", "user": 1, "content_type": 21, "object_id": "8", "object_repr": "O.S: #8", "action_flag": 3, "change_message": ""}}, {"model": "admin.logentry", "pk": 23, "fields": {"action_time": "2018-07-30T16:06:36.257Z", "user": 1, "content_type": 21, "object_id": "9", "object_repr": "O.S: #9", "action_flag": 3, "change_message": ""}}, {"model": "admin.logentry", "pk": 24, "fields": {"action_time": "2018-07-30T16:06:36.259Z", "user": 1, "content_type": 21, "object_id": "10", "object_repr": "O.S: #10", "action_flag": 3, "change_message": ""}}, {"model": "admin.logentry", "pk": 25, "fields": {"action_time": "2018-07-30T16:06:36.260Z", "user": 1, "content_type": 21, "object_id": "11", "object_repr": "O.S: #11", "action_flag": 3, "change_message": ""}}, {"model": "admin.logentry", "pk": 26, "fields": {"action_time": "2018-07-30T16:06:36.261Z", "user": 1, "content_type": 21, "object_id": "12", "object_repr": "O.S: #12", "action_flag": 3, "change_message": ""}}, {"model": "admin.logentry", "pk": 27, "fields": {"action_time": "2018-07-30T16:06:36.263Z", "user": 1, "content_type": 21, "object_id": "13", "object_repr": "O.S: #13", "action_flag": 3, "change_message": ""}}, {"model": "admin.logentry", "pk": 28, "fields": {"action_time": "2018-07-30T16:06:36.264Z", "user": 1, "content_type": 21, "object_id": "14", "object_repr": "O.S: #14", "action_flag": 3, "change_message": ""}}, {"model": "admin.logentry", "pk": 29, "fields": {"action_time": "2018-07-30T16:06:36.265Z", "user": 1, "content_type": 21, "object_id": "15", "object_repr": "O.S: #15", "action_flag": 3, "change_message": ""}}, {"model": "admin.logentry", "pk": 30, "fields": {"action_time": "2018-07-30T16:06:36.267Z", "user": 1, "content_type": 21, "object_id": "16", "object_repr": "O.S: #16", "action_flag": 3, "change_message": ""}}, {"model": "admin.logentry", "pk": 31, "fields": {"action_time": "2018-07-30T16:06:36.268Z", "user": 1, "content_type": 21, "object_id": "17", "object_repr": "O.S: #17", "action_flag": 3, "change_message": ""}}, {"model": "admin.logentry", "pk": 32, "fields": {"action_time": "2018-07-30T16:06:36.269Z", "user": 1, "content_type": 21, "object_id": "18", "object_repr": "O.S: #18", "action_flag": 3, "change_message": ""}}, {"model": "admin.logentry", "pk": 33, "fields": {"action_time": "2018-07-30T16:06:36.271Z", "user": 1, "content_type": 21, "object_id": "19", "object_repr": "O.S: #19", "action_flag": 3, "change_message": ""}}, {"model": "admin.logentry", "pk": 34, "fields": {"action_time": "2018-07-30T16:06:36.272Z", "user": 1, "content_type": 21, "object_id": "20", "object_repr": "O.S: #20", "action_flag": 3, "change_message": ""}}, {"model": "admin.logentry", "pk": 35, "fields": {"action_time": "2018-07-30T16:06:36.273Z", "user": 1, "content_type": 21, "object_id": "21", "object_repr": "O.S: #21", "action_flag": 3, "change_message": ""}}, {"model": "admin.logentry", "pk": 36, "fields": {"action_time": "2018-07-30T16:06:36.275Z", "user": 1, "content_type": 21, "object_id": "22", "object_repr": "O.S: #22", "action_flag": 3, "change_message": ""}}, {"model": "admin.logentry", "pk": 37, "fields": {"action_time": "2018-07-30T16:06:36.276Z", "user": 1, "content_type": 21, "object_id": "24", "object_repr": "O.S: #24", "action_flag": 3, "change_message": ""}}, {"model": "admin.logentry", "pk": 38, "fields": {"action_time": "2018-07-30T16:06:36.278Z", "user": 1, "content_type": 21, "object_id": "25", "object_repr": "O.S: #25", "action_flag": 3, "change_message": ""}}, {"model": "admin.logentry", "pk": 39, "fields": {"action_time": "2018-07-30T16:06:36.279Z", "user": 1, "content_type": 21, "object_id": "26", "object_repr": "O.S: #26", "action_flag": 3, "change_message": ""}}, {"model": "admin.logentry", "pk": 40, "fields": {"action_time": "2018-07-30T16:06:36.280Z", "user": 1, "content_type": 21, "object_id": "27", "object_repr": "O.S: #27", "action_flag": 3, "change_message": ""}}, {"model": "admin.logentry", "pk": 41, "fields": {"action_time": "2018-07-30T16:06:52.018Z", "user": 1, "content_type": 21, "object_id": "23", "object_repr": "O.S: #23", "action_flag": 3, "change_message": ""}}, {"model": "admin.logentry", "pk": 42, "fields": {"action_time": "2018-07-30T16:07:02.690Z", "user": 1, "content_type": 21, "object_id": "28", "object_repr": "O.S: #28", "action_flag": 3, "change_message": ""}}]